text,gad_score,phq_score,anxiety_label,depression_label,combined_label,dataset
"doctor: ：你好，回来啦？
doctor: ：嗯，我 9 月份身上长了疱疹，
doctor: ：太累了，
doctor: ：因为我前面在调，我看他怎么会长了疱疹，
doctor: ：太累就是太累，所有的病毒感染，尤其是疱疹，心情不好又累，有可能是
doctor: ：那段时间熬药，自己煎药或者煎药，然后疱疹刚刚好，应该是带状疱疹啊。对，那不痛死了。对，有的人你跟他吵一架没事的。他我不太，就擅长跟人吵架。
doctor: ：你要在家里演练，知道下次再给什么，给你什么任务的。你要怎么说？你要在家里千变万变的演练任何场景，碰到什么，丢了个什么东西给你，你要怎么说？你在家里要练的，不然的话
doctor: ：他的想法总是突发奇想的，让我意想不到。
doctor: ：那你就说你等一等，我想想，我看看我家时间再说，
doctor: ：我现在基本上他说了我都不想踩他了。
doctor: ：你这句话会不会说？没说。那你现在说，你对着我说等一等，对，你这个先放着，你先放着，我得看看我这边的时间，然后我再告诉你我能不能完成，什么时候完成来重复。
doctor: ：嗯，先放在这里，然后等我看看时间，后续",7.0,9.0,0,0,0,without_caregiver
"doctor: ：[NAME]，片子拍好了对吗？腺样体还可以，不是很大。
caregiver: ：那可能还是过敏性鼻炎没控制好，所以容易出血吧？他身上没有斑什么的，需要验血吗？
doctor: ：不用验血。他鼻子比较干，上次去看医生也这么说。前两天鼻涕不带血了，礼拜六去玩了水，晚上就流了两次鼻血，还有几次是哭过之后流的，一次是早上起来有点，餐巾纸稍微擦一擦、塞一塞就好了。
doctor: ：太兴奋、一激动也会流鼻血，相当于血压暂时升高导致的。金霉素眼膏、糠酸莫米松你们都有，对吧？
caregiver: ：对。
doctor: ：餐巾纸不要塞鼻子了，出血时就捏住鼻子前面软软的地方，就是硬硬的下面这里，捏这里就行。他现在左边鼻孔前面能看到有一点糜烂，这没事。
doctor: ：如果出血不多，早上喷糠酸莫米松，上午和下午可以喷氮卓斯汀（也是抗过敏鼻喷剂）；如果最近出血多，糠酸莫米松就停掉，只喷氮卓斯汀。鼻子出血的时候或者晚上睡觉有张口呼吸，就喷羟甲唑啉，一喷进去就会感觉很通，这个偶尔用，睡前或出鼻血时用，相当于常备药，需要的时候用。
caregiver: ：好的。
doctor: ：再给你开",9.5,13.5,0,1,1,with_caregiver
"doctor: ：看什么？
caregiver: ：他是上一次。
doctor: ：什么诊？什么？什么复诊，是吧？
caregiver: ：对，上一次是本来有在您这看过，对，然后因为要排队做那个手术要排很久，然后我们就到那个儿科医院去做了手术，然后做完手术现在应该过去一个半月，就是9、8月 30、8月 31 号出的院，然后就做完那个就是腺样体肥大的那个手术。然后医生还给他，就是右边耳朵。有内置，有试管，对，然后就过了。
doctor: ：扁桃体开了吗？
caregiver: ：扁桃体没有开，只开了腺样体。对，然后。
doctor: ：之前 8 月份给你开的药有没有用就告诉我。
caregiver: ：有，那个药是用完。
doctor: ：有用吗？用药期间有用吗？
caregiver: ：有用。
doctor: ：那为什么选择开刀呢？
caregiver: ：他就是在那个，他还是就是那个鼻炎有好了，但是那个张口呼吸就还是那样子，他不是。
doctor: ：你用了多久药？我当时跟你说是要用 3 个月，你用够 3 个月了吗？
caregiver: ：没有用，因为上一次检查的时候说是那个。他包",13.0,15.0,1,1,1,with_caregiver
"doctor: ：做的怎么样？痛苦吗？
patient: ：不痛苦。
doctor: ：[NAME]是吧？没什么特别的，就是鼻子前面有一点点糜烂，拿金霉素眼膏涂一下就好了。平时鼻子干吗？
patient: ：还好。
doctor: ：平时有点鼻子塞吗？
patient: ：不塞。
doctor: ：石蜡油九毛3是自费的，跟您说一下。我们来看一下药怎么用好不好？哎呦，不要激动。
doctor: ：这个喷鼻药，比方说睡觉有点张口呼吸、鼻子塞，或者平时鼻子出血的时候用。现在是鼻子中间靠右边的部分烂了，就往右边喷，喷完之后把鼻子前面软软的地方捏一下，捏3到5分钟压迫止血。
doctor: ：这个是金霉素眼膏，往右边鼻子烂的地方涂一涂。这个是我们医院自己做的冲剂，鼻炎、止血各方面都可以吃。这个是石蜡油，鼻子干的时候可以滴一滴，好不好？
caregiver: ：好的。
doctor: ：因为您平时没有什么鼻炎症状，我就不给你开鼻炎的药了，就是这样子。
doctor: ：到隔壁做一下问卷，然后就可以回家了。
caregiver: ：谢谢。
doctor: ：不客气。",8.0,10.0,0,1,1,with_caregiver
"doctor: ：[NAME]，片子拍了，系统里看还没出报告，我凭经验看一下。腺样体有点大，清嗓子也有可能是这个引起的。先开一个月的药吃，三个月以后再来做鼻内镜复查。
caregiver: ：好的，要吃多久？
doctor: ：先开一个月，看情况调整。你家孩子挺聪明的，控制不住正好说明她有自己的想法，阿姨可喜欢你了。
caregiver: ：哈哈哈，我都不想要她，想送给你。姐姐也嫌弃她。
doctor: ：别这么说，姐姐是嗤之以鼻，心里还是疼弟弟的。你认识墙上的耳鼻喉解剖图呀？认识字挺多嘛。
caregiver: ：（指着解剖图）耳朵、鼻子、喉咙。
doctor: ：对啦，真厉害。去打印病历和单子，然后到隔壁做个调查问卷补查。还没吃饭吧？我们一点钟就开始下午的门诊，你先去吃个饭，下午再来也行，来不及的话不来也没关系，很简单。
caregiver: ：好的，谢谢医生。去年还没有鼻炎，今年怎么就有了？
doctor: ：不用想为什么，查出来有问题明确就行，有可能是鼻炎引起的这些症状。快去忙吧。
caregiver: ：好的，谢谢医生。",10.5,12.5,1,1,1,with_caregiver
"doctor: ：右边的听力还是有点差啊。嗯，要配药给你吗？你自己怎么想的？
patient: ：吃一点，吃一点，再试一下啊。
doctor: ：你刚刚想跟他分享啥？分享他刚刚问你的问题是因为他以前也有，他一考试耳朵里面就有音乐。
patient: ：高三的时候。考试或者写作业的时候，尤其是写数学题的时候，最喜欢那个耳朵里就有音乐响起来。是这样的，可能稍微学习压力有点大了，有点焦虑，没事就稍微的调整一下心情。
doctor: ：那你是靠什么调整心情的呢？
patient: ：我会用别的东西去压住这个音乐，
doctor: ：比如
patient: ：就是可能会背古诗，可能会在心里背默背古诗。
doctor: ：你这颇有一种会有一种跟心魔斗争的感觉吗？
patient: ：很别致的处理方法。
doctor: ：你有什么爱好吗？平时。
patient: ：暂时没什么爱好。
doctor: ：去学学啊。就是其实我们可能有的时候真的不知道我们会有什么爱好，除非你不断的去尝试，对吗？尤其是那种你看着这有啥的东西，你更加要去了解它，因为我们的认知总是局限的这么大一个世界地图，我们每个人的脑子里的地",11.0,13.5,1,1,1,without_caregiver
"doctor: ：检查结果出来了，有点腺样体肥大，比去年24年7月份来看的时候明显增大，但不用手术，教科书上第一步也不是手术，先用点药试试。
caregiver: ：太好了，不用手术。我家里还有一点鼻窍通，还有一个小药丸，能吃吗？
doctor: ：小药丸能吞，你看一下说明书，慢性的话一天吃两次。这是一个月的量，每天吃，我们一般保守治疗3个月以上没效果才考虑开刀。
caregiver: ：好的。他体重快90斤了，大概88斤。医生，我家那个鼻窍通还要用吗？
doctor: ：你可以先吃完家里的鼻窍通（通窍鼻炎颗粒，蓝色盒子的），再用我开的药。
caregiver: ：你有没有感觉他下巴有点缩进去？牙科医生说气道有点小，不知道是腺样体大还是下巴后缩导致的。
doctor: ：下巴后缩要去看口腔科，判断缩了多少，需不需要正畸。腺样体肥大也会引起后缩，他现在的后缩情况跟去年差不多，稍微小了一点点。
caregiver: ：我们大班的时候过来，有一次炎症特别厉害，医生说要割掉，后来治疗两三个月后复查，医生说消掉了，也教育我们不要轻易割。
doctor: ：对，腺样体情况会反反复复，不用急于手术。",7.0,10.0,0,1,1,with_caregiver
"doctor: ：你好，你们回来了？孩子检查做好了吗？
caregiver: ：嗯，做了呀。哇，很棒，他才哭了一点点，是吧？哭了半声，流了点眼泪之后就没哭了。
doctor: ：你才哭了一小会啊？那边那哥哥有没有被你吓到呀？
caregiver: ：没有。我怎么觉得他被吓到了？他都没跟我写话，哈哈哈。
doctor: ：孩子的睡眠监测一定要做，因为他的黑眼圈确实太大了。现在有的地方可以租回家做，不用等四个月，租回家或者在你家附近做都可以啊。
caregiver: ：好，行。
doctor: ：孩子鼻子堵得挺厉害的，鼻炎我们先用药吧，可能也是急性期。哪有人刚发现问题就马上开刀的，又不是癌症，对吧？
caregiver: ：朋友他们说要赶快手术了，我觉得好像也没必要。
doctor: ：对，教科书上的第一条也不是手术，我们按教科书来做不会错。你先观察孩子的症状有没有好转，同时可以同步去约一个睡眠监测，对吧？你之前跟我说的那些孩子的症状还有没有？
caregiver: ：那孩子的症状要注意什么？比方说晚上张嘴、睡得不好这些？
doctor: ：对。我建议给孩子买个洗鼻器用，你给他用过吗？他能",14.0,18.0,1,1,1,with_caregiver
"doctor: ：门关紧。检查结果出来了，腺样体还行，已经萎缩掉了，不是很大。
caregiver: ：那流鼻血的问题怎么弄？现在就想把容易流血的血管烫死，有这种手术是吧？他现在血管老破裂，闻到辣味、揉揉鼻子都可能出血，以后要去[ORG]读水利水电工程，那边气候特别干燥，我怕他不适应，流更多血。
doctor: ：不用烫，去挂个激光科就行，是个小手术，做了就走。其他息肉、淋巴之类的没问题，主要就是有个血管容易出血。
caregiver: ：今天好像没有激光科，下个星期天有吗？
doctor: ：你工作日来，先到服务台（刚才签到那边）问一下今天激光科有没有人。其实也不一定要做，你先淡定一点，先用点药看看情况。
caregiver: ：好的好的。他自己都没觉得这是个事，挺淡定的，我们家长着急。
doctor: ：青春期的男孩，流鼻血就像青春的徽章一样，很酷，你不要把它当大事。新疆多好啊，我们天天在这里当牛马，都没办法去玩，他直接去新疆读书，寒暑假能到处玩，多羡慕。水利水电工程是国之重器，就业完全不用愁，以后可能都被国家重用，你该珍惜。
caregiver: ：就是担心那边干燥，他流鼻血更频",14.0,18.666666666666668,1,1,1,with_caregiver
"doctor: ：你好，叫什么名字？
patient: ：你好，我叫[NAME]。
doctor: ：请坐。您看什么问题呢？
patient: ：我打呼噜有三四年了
doctor: ：为什么今天才来呢？
patient: ：就是现在感觉越来越严重，睡眠质量不好，会醒，白天精神也不好。之前也做过一些睡眠监测，感觉还是打呼噜导致的。本来是说要买呼吸机，但我没买，我想看一下有没有什么手术方案？
doctor: ：你做了睡眠监测后，自己怎么处理的？有没有给出什么手术方案？
patient: ：没有什么方案，没拿到手术方案。
doctor: ：要做的手术方案就是把骨头打断往前挪，把下巴重新再做一下，或者两到三年整牙，费用要10万块钱以上哦。嗯，为什么不想用呼吸机呢？
patient: ：手术创口太大了，而且我戴过呼吸机，戴了两天，不习惯。
doctor: ：怎么个不习惯法？就转身什么的，感觉会漏气吗？
patient: ：嗯，戴着个东西，转身的时候一方面心理上有一点负担，另一方面感觉有东西硌着，所以就醒了。本来我睡眠就不怎么好，入睡很困难，头上、鼻子那里挂着东西弄来弄去的，就更不习惯了，平时也有",14.0,18.0,1,1,1,without_caregiver
"caregiver: ：来，丁安安。安安来啦。哎呦，安安你好，那边起床气是吧？安安把你吵醒。嘴巴再看一下好吗？宝贝，
doctor: ：张开嘴巴
caregiver: ：张大啊。好嘞，棒棒。这样子还做了个鼻，鼻内镜
doctor: ：是不是之前做的那个？
caregiver: ：那就配点药回家吃呗。但是堵的，其实我堵的是有点多了， 0.71 就到那个手术的程度了嘛。这个没关系，先吃点药，先吃药，安安苦苦的药能不能吃呀？
doctor: ：不要，
caregiver: ：那就先滴滴鼻子，最后的话，你当时跟我说的是只用了抗酸莫米松，是吧？
doctor: ：对对，就用了那两种药，一个洗鼻子，还有一个。
caregiver: ：他就是这个。医生说孩子太小不能手术。是不是？
doctor: ：嗯，你腺样体只是你张口呼吸的其中的某一个原因，你开了刀之后，以后还会有其他的问题出来的，对你不是一了百了，所以我们先努力一下用药看看能不能好嘛？
caregiver: ：哦，行，
doctor: ：那个口服的药你给他冲的淡一点，能吃一点是一点。好不好？
caregiver: ：苦不苦啊？
doctor: ",20.0,20.0,1,1,1,with_caregiver
"caregiver: ：hello，你好啦，回来啦。
doctor: ：他的报告你这边能看了吗？
caregiver: ：应该可以，我来quickly，你坐吧，妈妈辛苦了好吗？你跟妈妈一起坐。来吧，等一下。
doctor: ：让我快快，夕阳西下，这是下班的好时间，像挺大的，没关系，
caregiver: ：有什么
doctor: ：还有救。没事。
caregiver: ：因为他晚上睡觉有的时候也会张着点嘴巴，
doctor: ：好黏，浅浅的。用点药把我的三板斧全给你上。故意的，他咳你就让他咳。嗯，不会有什么大事。
caregiver: ：那有的时候他咳的可就很频繁。那也不是有，今天倒好像是有一点点，咳，那昨天那种就是一直咳咳，就一直这样，那就这样，然后有的时候越是提醒他不要那啥，
doctor: ：人家逗你玩呢，就越那样。嗯，不要管他就行，
caregiver: ：有喷的，有喝的。
doctor: ：那必须的，按照教科书的安排全给你搞上。嗯，好了",7.0,9.0,0,0,0,with_caregiver
"doctor: ：咋了？受伤了，
caregiver: ：撞到一下。
doctor: ：哎呀，我们医院得赔钱了。
caregiver: ：哈哈哈，好像是有一点，那个听力有点下降了。
doctor: ：行，没事。
caregiver: ：坐一会啊。
doctor: ：医生还年轻的哈
caregiver: ：还行吧，有点小老，等一会我看看你年龄。
doctor: ：看看了你的年龄。我看了，我说那博士都毕业了，你那是本硕博连读的吗？
caregiver: ：没有，应该不是吧，
doctor: ：这边有本硕博连读在，就在[ORG]的本硕博连读啊。
caregiver: ：你又插队，你前面还有个[NAME]，没有，你上面就是
doctor: ：有，我们是由下往上谈的。
caregiver: ：嘿嘿，那插一个吧，哈哈哈，来都来了。
doctor: ：来也来了，就不插个队，是吧？嘿嘿嘿，顺便吵个架是吧？有一点，听力其实还好，就是有一点点负压，我感觉不是什么大问题啊。",13.0,17.0,1,1,1,with_caregiver
"doctor: ：你好久等，请坐。看什么？
patient: ：我的扁桃体发炎好几天了，
doctor: ：很痛。
patient: ：对，然后我在那个人群挂了三天，挂了 4 天水。
doctor: ：现在跑来这干嘛？我来看看有什么更好的治疗，
patient: ：有什么特效药，是吧？
doctor: ：对，应该
patient: ：坐吧。
doctor: ：以后能不能割掉？
patient: ：现在割不了。我知道，正在发炎，割不了，看得我头晕目眩的，嘴巴张开放松说，
doctor: ：哎呦，这个是真的，有没有看过扁桃体发炎同志们，这已经是灌了四天水的结果，
patient: ：打呼噜，说打不，打呼两边就是你不发炎，扁桃体也这么大，对吧？发炎的时候上面有脓。
doctor: ：我那天发炎的时候我对着镜子照了一下，就是没有缝隙。
patient: ：那你半夜的时候大不大？
doctor: ：也挺大，但是没有这么大，就反正就喝水也喝不了。",11.0,11.0,1,1,1,without_caregiver
"caregiver: ：[D]
doctor: ：我一般其实今天不想给你加号的，但都后来算了。
caregiver: ：[P]
doctor: ：好医生，好主任。
caregiver: ：[D]
doctor: ：做了声导抗，是吧？痛不痛？痛吗？刚才？不痛的啊。
caregiver: ：[D]
doctor: ：你再用一段时间药呗。
caregiver: ：[P]
doctor: ：就还用那个内舒达那些，是吗？
caregiver: ：[D]
doctor: ：内舒拿。
caregiver: ：[P]
doctor: ：内舒拿就那三个，那个西，就是那个小的，黑的还要用吗？
caregiver: ：[D]",12.0,9.0,1,0,1,with_caregiver
"doctor: ：你好，叫什么名字？
caregiver: ：[NAME]。他腺样体有点大，之前去别的医院看过。
doctor: ：有什么症状呀？让他自己说。
caregiver: ：有时候感冒，一边鼻子就完全塞住，反反复复的，鼻子不舒服挺久了，大概从12岁开始就经常这样。鼻子痒、打喷嚏也多，流鼻涕也多，早上起来头疼，晚上睡觉不打呼，嘴巴也不张开。
doctor: ：鼻塞大概多少年了？
caregiver: ：不大记得了，反正半年以上了。是我自己本来就有点不舒服，我妈又让我来的。
doctor: ：之前检查说鼻翼骨有点歪，是吧？
caregiver: ：对，别的医院说鼻塞有可能是因为鼻翼骨歪，还说可能需要动手术，我们想问问现在就需要做，还是等等再做？他现在初三，想等寒假做。
doctor: ：15岁做什么鼻中隔手术？还没成年呢。腺样体的问题对你影响特别大吗？
caregiver: ：也还好，就是有时候很难受。
doctor: ：你是不是不想开刀呀？紧张啥？人家别的医院医生都疯狂暗示你，割了不一定好，手术可能白做，你还老问要不要开刀。教科书上写的是保守治疗无效才考虑手术，你这保守治疗都没",11.0,10.0,1,1,1,with_caregiver
"doctor: ：睡着了，
caregiver: ：小朋友来了，小朋友。没事，让他睡，让他睡 ，0.58 还行。
doctor: ：那他晚上那个耳朵疼是不是还会持续呀？
caregiver: ：很痛吗？嗯，偶尔痛，对不啦？
doctor: ：有点像阵痛那种，
caregiver: ：转转转。
doctor: ：对，然后我们看他疼了会喂点美林给他。
caregiver: ：没事，不检查了，别装睡了，好不好？嗯，不检查了。不检查了。真的不检查了，醒来吧，眼睛越闭越紧。阿姨给你开个苦一点的药可以吃吗？可以的，对吧？好的，打针。 还是吃药？三分 1/ 3 到 1/ 2，包 1/ 3 到 1/ 2，反正就是半包少一点，好不好的？
doctor: ：那之前那个，之前那耳鼻喉科的药我先停掉吧？
caregiver: ：哪些药？有哪些药？
doctor: ：第一个就是有康酸莫米松，要常喷的，
caregiver: ：没事喷吧，
doctor: ：长盆。
caregiver: ：对，要长盆。
doctor: ：好。然后有个黄麻滴鼻液，",10.0,10.0,1,1,1,with_caregiver
"doctor: ：你好，
patient: ：好，
doctor: ：那我快快做吧。你做过？你开过刀啊？
patient: ：对，
doctor: ：你刚刚为啥不告诉我？
patient: ：刚刚我说了以前做过手术，
doctor: ：真的，那我聋了。对不起，我咋一点印象都没有？没事做的是什么造啊？鼻窦炎，好，好久好久以前做的，大概几岁？
patient: ：高中的时候，有个十年了，
doctor: ：是全局麻做的。
patient: ：局麻做的
doctor: ：当时什么原因呢？
patient: ：当时鼻炎犯得很厉害。
doctor: ：有脓是吧？
patient: ：对。
doctor: ：是拿镜子做的还是就是拿肉眼看着做的？",7.0,9.0,0,0,0,without_caregiver
"doctor: ：你好久等？没什么大，刚刚没有什么特别的，
caregiver: ：这里吧。
doctor: ：对，咱就是一整个，就是嗅觉减退一年，我们有的时候担心比方说嗅母细胞瘤或者巴拉巴拉的，就至少这个地方看上去是没，就是嗅区是没有什么问题的，我们可以先试着吃一段，用一段时间鼻子的药缓解鼻炎，您看看鼻嗅觉能不能好？嗅觉。
caregiver: ：如果是平时好像没有什么鼻炎的感觉，这种症状
doctor: ：也可以，不重要呀。
caregiver: ：嗅觉减退也是鼻炎，这个也是鼻炎，是吧？
doctor: ：对啊，然后不用那么着急。就是您这个焦虑来自于哪里啊？你在着急什么啊？
caregiver: ：嗯，不是，我女儿，她到，她要到另外一个医院去看一下她的脸上肌肤，然后我在这等的很着急。
doctor: ：好的，
caregiver: ：就吃点药是吧？
doctor: ：对，先喷一点，
caregiver: ：吃一点对这个可能晚上夜间可能打鼾了，
doctor: ：可能有点有会有一点帮助，但打鼾是要做别的检查，
caregiver: ：是吧？
doctor: ：对，您可以，如果你有时间",20.0,14.0,1,1,1,with_caregiver
"doctor: ：好，进来吧。你好久等，那这个梨花带雨的孩子回来了。对，你待会是我们重点关注对象，你知道吧？我们要了解你的人生故事，为什么你进来之后就梨花带雨？
caregiver: ：好，讲述你的故事。他的那个片子拍了。
doctor: ：0.8 以上，挺是挺大的牙齿，也是像钱面[NAME]的牙齿。
caregiver: ：是多重。
doctor: ：0.80.8 yes 0.71 就可以开刀 0.8 怎么办呢？我的建议第一个我们药肯定是要用的，对吧？
caregiver: ：嗯，
doctor: ：第二个可以约个睡眠监测，等到寒假的时候过来测一下到底有憋气缺氧有多严重。然后因为张口呼吸一定是他一个要改善的问题，包括他以后矫牙不是还得慢慢，慢慢把下巴往往前拖回来，这都要保持在晚上睡觉的时候。
caregiver: ：他现在是有点缩啊。
doctor: ：是挺缩，不是有点缩。嗯，哈哈，比妈妈好一点。没事没事，你还有救，妈妈没救了，因为你还没有成年。也是，妈妈其实也有救，成年人现在也可以矫牙。你那就是第一个药我会开给你，然后第二个我们约一下睡眠监测，好不好？
caregiver: ：睡眠",11.5,14.5,1,1,1,with_caregiver
"doctor: ：[NAME]，坐这儿好吗？你是有鼻炎是吧？
caregiver: ：对。
doctor: ：那睡眠监测记得约一下，我给你开好住院单，要做睡眠监测明确情况。
caregiver: ：住院要住多长时间？是背个机器还是什么？
doctor: ：住院2到3天，医院有监测仪器，就是睡一觉看看呼吸状态，第二天再用另外一个仪器检测。
caregiver: ：要约多久才能住院？他现在高三，要上学，没时间。
doctor: ：大概要排三个月队，现在约的话，11月份左右会通知你。
caregiver: ：3个月啊？那寒假里我们再过来行不行？现在8月份，11月份还在上学，不太方便请假。
doctor: ：不能定具体时间，排队是按顺序来的。那先预约着，后面如果住院时间能配合，你想过来再说；要是暂时没时间，就先回家用药，有情况再过来约。
caregiver: ：好的，那需要换种药吗？之前用的是喷的那种，已经用完了。
doctor: ：我已经写好用药了，你去打印一下病历，用药说明都在上面，然后去付费取药就行。
caregiver: ：好的。医生，你觉得高三的课必须要上吗？
doctor: ：我从",7.0,10.0,0,1,1,with_caregiver
"doctor: ：你好，来来来。哟，这个顶不住我们的空调，是吧？
caregiver: ：太冷了，这里凉凉的，他越凉了他就要咳嗽，
doctor: ：腺样体是大的，
caregiver: ：他几度啊？大概
doctor: ：几度？反正手术的指标达到了，
caregiver: ：手术的指标都达到了。
doctor: ：不要管这么多。你这个问这问题不就是自己，对吧？寻不开心吗？不要管他，
caregiver: ：那继续是配点那个。喷吗？配点啥？
doctor: ：那这肯定是全套要上的，把我的看家本领都给你上上，
caregiver: ：哈哈哈，帮帮我们开一个黄连素可以吗？可以帮我们开个黄连素吗？
doctor: ：没有黄连素可以开
caregiver: ：这边没有的，是吧？
doctor: ：对哦，
caregiver: ：这边附近有药店吗？
doctor: ：我们耳鼻喉科开什么黄连素，怎么啦？",7.0,9.0,0,0,0,with_caregiver
"caregiver: ：周，你好啦。哎呦，我们里面负压很厉害的，他那个睡眠监测咚咚咚给你开开窍，
doctor: ：哈哈。
caregiver: ：嗯，负压就是他要到0，就是应该到这，就他现在有负压就说明腺样体堵的他挺厉害的啊。然后咱们先把过敏性鼻炎调一调，对吧？然后暑寒假的时候过来做个睡眠监测可以吗？看看有没有缺氧，可能到时候就好了也说不定。
doctor: ：好的，
caregiver: ：阿姨配的药有点苦的，可以吗？
doctor: ：可以坚持吗？
caregiver: ：嗯，吃完药吃颗糖。
doctor: ：这个平时的话就是用三个月，是吗？
caregiver: ：对，你可以一个月，看他的情况，你知道线上告诉我一声，
doctor: ：线上的话是怎么？
caregiver: ：周四上午我会告诉你怎么挂号的，这个写的是2.5，是因为我这个没有办法线上配，所以我就给你开了两瓶，我得写2.5，你到时候自己按照去体重去算。然后鼻炎冲剂是我们医院的特产，是可以从线上挂号、配药、快递到家。
doctor: ：今天可以一下子配
caregiver: ：3 袋。多配一点，这是 5 周的量哦。好",12.0,13.0,1,1,1,with_caregiver
"caregiver: ：医生，检查结果怎么样？腺样体还好吧？是不是过敏性鼻炎引起的？他鼻子容易干，经常会说干。我有的时候晚上会给他洗鼻子，还要经常洗吗？
doctor: ：腺样体倒还好，主要是过敏性鼻炎引起的。鼻子前端左侧有点干，粘膜挺肿的。经常洗鼻子是指每天晚上都洗吗？洗鼻子过程他觉得舒服吗？
caregiver: ：有一点点，但还行。是我给他洗的，他自己能洗吗？
doctor: ：他都11岁了（Eleven years old），应该可以让他自己试一试。自己的鼻子自己最有感觉，如果操作变成被迫或被动的，幸福感会降低。
caregiver: ：好的，我让他自己试试。他就是过敏性鼻炎，对吧？最近出过两次血，后来我给他涂了一点金霉素眼药膏，晚上给他润一润。
doctor: ：对，是过敏性鼻炎。金霉素眼药膏家里有的话可以继续用，挺好的。鼻子出血的时候，内舒拿这种药可以长期用；羟甲唑林喷进去鼻子会很通，出血时或者晚上睡前觉得鼻子堵，想睡个好觉就可以喷一下；氮卓斯汀是另外一种抗过敏的鼻喷剂。
doctor: ：要注意，在鼻子经常出血的情况下，糠酸莫米松这种激素类喷鼻剂是不用的哦。我会在药上备注",8.5,11.5,0,1,1,with_caregiver
"doctor: ：坐坐坐，不要一个个围着我，压力大得很。你孩子有什么症状？
caregiver: ：是双胞胎，这个孩子睡觉张嘴，还打呼，这种情况差不多有两年了。他只要不感冒还好，一感冒就严重。
doctor: ：把嘴巴张开放松，说“啊”。喉咙挺窄的。平时鼻子痒、打喷嚏、鼻塞、流鼻涕多吗？
caregiver: ：没有没有，平时鼻子痒、打喷嚏都不多，就是偶尔打一下。有时候嗓子痒了会打喷嚏或者咳嗽。
doctor: ：之前做过什么检查吗？
caregiver: ：只做过拍片，没做过其他的。
doctor: ：建议在当地去做个睡眠监测，就是睡觉的时候监测就行。
caregiver: ：哦，我刚没听懂，不好意思。
doctor: ：没事。孩子体重多少了？
caregiver: ：现在60斤
doctor: ：去当地做睡眠监测，后续根据报告再看下一步治疗。",12.0,11.0,1,1,1,with_caregiver
"doctor: ：叫什么？
patient: ：[NAME]。
doctor: ：你好
patient: ：你好，是这样的，我是之前在湖州看了，然后感觉看不出来个啥，所以我就跑来上海看的。
doctor: ：您先坐好。
patient: ：哎，您先坐好，我不需要这些东西，您坐好。哎，行，得嘞。
patient: ：我主要是我的这两边两侧耳后疼。
doctor: ：怎么个疼法？
patient: ：就是阵痛，他不是一直疼，他就偶尔，比如我喝水的时候，包括我咬合、吞咽的时候会疼，但我吃饭不疼，就是喝水，包括有时候这样子动的时候就疼。
doctor: ：CT 做过吗？
patient: ：对，我这CT做完了。
doctor: ：结果有什么吗？
patient: ：结果就是一个，他就说是怎么说来着？我看一下。他就是我先挂的耳鼻喉科，耳鼻喉科说是我这个可能长胖，太胖了，打鼾引起的。嗯，然后让我减肥。
patient: ：但是他又附带了一个说是，我这有一个左侧什么额顶部有个巨大蛛网膜囊肿，然后他让我过去挂脑外科。
patient: ：好，我又去挂神经外科。神经外科意思是啥呢？你这个疼痛跟这个蛛网膜",10.0,19.0,1,1,1,without_caregiver
"doctor: ：小林你回来了？报告明天才能看到，我先看一眼片子，还行，波纹差不多，问题不大。他的张口呼吸我们先按鼻炎治疗，好不好？
caregiver: ：好的，按鼻炎治是吧？
doctor: ：对，给你开石蜡油，保持鼻子湿润，鼻子太干也会塞，没事就给他滴一滴。你鼻子是不是也干？
caregiver: ：是啊，我能不能也用这个石蜡油？我感觉鼻子捏住有点刺痛，这几天又不刺痛了，估计前段时间有点发炎。
doctor: ：可以的，你也能滴。滴鼻液要平躺头低位，头垂在床外面低一点，沿着鼻子上面和旁边滴，第一滴不容易进去，等一会再补一次就行，不会流到耳朵里的。
caregiver: ：好的。那个鼻炎冲剂孩子能吃吗？有点苦。他之前得了轻微手足口，喷过那种叫利剑的喷鼻剂，吃药还行，给点糖他就喝。
doctor: ：能吃，他吃药配合就好。回去到隔壁做个问卷哦。
caregiver: ：好的，谢谢医生。",7.0,11.0,0,1,1,with_caregiver
"caregiver: ：没有什么特别的，好不好？没有什么太特别的啊。
doctor: ：那就行，那就行。嗯，我就怕他有那个腺样体。
caregiver: ：没有，就鼻炎啊。
doctor: ：你说他这个位置是属于什么原因？
caregiver: ：您就不要老是这一个姑娘，你这个不是，不不，
doctor: ：他这里边他是什么意思？你知道吗？有时候感冒的时候他会有一点那种白的结晶。
caregiver: ：没关系，扁桃体上面，对吧啊？
doctor: ：那是不是叫扁桃体啊？应该叫吧，我也不懂，
caregiver: ：没事，就发炎了当时。嗯，咱们先用点药试试好吗？
doctor: ：这个必须要用药吗？
caregiver: ：喷喷鼻子就好了。好吗？然后牙齿主要就是您自己去看一下，行，看一下口腔科，觉得他的发育整个符不符合正常的情况，符合的话也不用太过担心好不好？
doctor: ：然后他这个药要用多久呢？
caregiver: ：长期用？没事，我每天在梳妆台上看到我那药，我就往鼻子里搞一下。
doctor: ：因为我是有鼻炎，我治疗了之后我就没啥用。我就
caregiver: ：不叫没啥",12.0,12.0,1,1,1,with_caregiver
"doctor: ：快来。你好，
caregiver: ：5 岁的小朋友，鼻炎了几年了，
doctor: ：看什么呢？
caregiver: ：他就是鼻子，就是说鼻炎，然后老是打喷嚏、流鼻子，每天都是这样子。
doctor: ：鼻炎，鼻子痒、打喷嚏，鼻塞、流鼻涕。
caregiver: ：嗯，
doctor: ：多长时间？
caregiver: ：大半年了。
doctor: ：晚上睡觉打呼噜吗？
caregiver: ：有一点，
doctor: ：张口呼吸。
caregiver: ：有吗？
doctor: ：张口呼吸偶尔有。
caregiver: ：好的，不严重，是吧？
doctor: ：不严重。",27.0,18.0,1,1,1,with_caregiver
"caregiver: ：王嘉泽哈，像只有一点点大，还行，也不小吧。
doctor: ：是。
caregiver: ：嗯，就是这样的。就是您这么想。嗯，咱要是越焦虑，压力越大，孩子越容易生病。嗯，保持安全距离就行。
doctor: ：好，了解。
caregiver: ：嗯，保持安全，哈哈哈。其实小孩他专不专注，你旁边有个人看着他反而不专注。因为人都是动物的。我在那食草。动物吃草呢？诶，总觉得哪里有个眼睛从草丛里看我。你觉得他能专注吗？他是不专注的，因为他生存的本能一定会让他分散一部分注意力在这，所以你要就是您在旁边真的是专专心心的，他做两小时作业，你就看两小时您的书，他会学的，就咱大家互不干扰，同时有一种非常好的场域去互相影响，这是最好的。有的时候你真的孩子真没办法控制，你说大人要我让我们完全不刷手机，不做网购很难的，对吧？那就还是用，先用药，然后看看情况怎么样，好不好？
doctor: ：先用药。
caregiver: ：对。
doctor: ：主要就是他 9 月份， 9 月份到，就 9 月份一整个月就是头晕，已经两个两次还三次了。还有压力太大也会头晕流鼻血。
caregiver: ：",14.0,11.0,1,1,1,with_caregiver
"doctor: ：你好，你爸怎么这么酷？
caregiver: ：哈哈哈哈，走的太着急了，
doctor: ：这边进来一个之后，后面有一个插双手插兜的大板，哈哈哈，跟他进来。看什么？
caregiver: ：他那个小的时候老感冒，我们在苏州那边看，就是他有那个腺样体，就那个预诊信息我都传到里面，
doctor: ：我看一下。然后什么，腺样体有多大？
caregiver: ：百分之八九十了。
doctor: ：然后现在就是。
caregiver: ：那边喝那个中药就喝了差不多 6 月份喝了两三个月了，好像效果不太明显。
doctor: ：什么诊断？就是怎么个什么症状？
caregiver: ：就一感冒，老鼻塞，塞得特别厉害，只要一感冒就特别呼吸不畅。
doctor: ：晚上睡觉打呼，嘴巴张开来感觉快憋死了，是吧？
caregiver: ：对对对对，
doctor: ：多长时间了？一共。
caregiver: ：有一两年了，两岁左右开始。
doctor: ：外面医院吃的什么药呢？",7.0,12.0,0,1,1,with_caregiver
"doctor: ：进来吧，到9号了。你说一下什么情况就行。
patient: ：9月份的时候，夜里突然憋醒，准确说是像溺水呛醒的感觉，很明显。最近三个月发生了两次，这种情况从23年就开始了，当时是中午午休时出现，症状比较轻。今年没中午没这种现象，但晚上出现了两次。最近两三个月得了慢性咽炎，还有过敏性鼻炎、鼻中隔偏曲，鼻子之前还骨折过。
doctor: ：鼻子痒、打喷嚏、鼻塞、流鼻涕这些症状都有吗？
patient: ：都有。平时一般不用药，就喷生理盐水、生理海水，鼻炎犯得厉害的话会喷[NAME]舒良，喷一两下就行。
doctor: ：白天精神怎么样？工作压力大吗？
patient: ：白天精神还行，就是有时候容易困。23年的时候工作压力很大，经常加班，睡觉也睡不好，当时有很明显的焦虑，还有反酸、鼻塞。最近放假了，没啥压力，公司运营也还好，不受经济环境影响。
doctor: ：最近一两个月嗓子有点干，一开始以为是吹空调的原因，后来关了空调吹风扇，早上起来嗓子还是干。9月30号还看过肖医生，他说可能是舌根后坠，但我不确定是不是这个导致的，我还以为是鼻中隔偏曲导致呼吸不畅。
doctor: ",17.0,14.0,1,1,1,without_caregiver
"doctor: ：你好，是来看什么问题呀？
patient: ：我有张口呼吸，还有点下颚线后缩。
doctor: ：这种情况多久了？
caregiver: ：蛮久了
doctor: ：蛮久是多久？
patient: ：从初中到现在，6年前开始的。
doctor: ：晚上睡觉也张口呼吸吗？鼻子塞吗？
patient: ：晚上睡觉也张，白天也张。我有过敏性鼻炎
doctor: ：鼻子痒、打喷嚏、鼻塞、流鼻涕都有，对吗？
patient: ：对。
doctor: ：戴假牙吗？
caregiver: ：对的，她嘴有点闭不上，戴了假牙。一开始没想到是鼻子的问题，还以为是牙齿的问题，也有可能是喉咙问题。
doctor: ：好，待会去做个鼻内镜。放松点，高考结束了吗？
patient: ：刚结束。
doctor: ：高考的时候紧不紧张？",14.0,13.0,1,1,1,with_caregiver
"doctor: ：你好，来看什么问题？
patient: ：我是外地来的，医保不在上海，之前在广州做过检查，确诊睡眠呼吸暂停，还做了鼻内窥镜，那边医生建议我做手术。我不想那么年轻就开刀，想看看有没有其他办法。
doctor: ：那你问过广州的医生，不做手术能干嘛吗？
patient: ：他说可以用呼吸机，但我也没有那么想带，觉得很麻烦。如果一定要选，我还是倾向做手术。
doctor: ：你做手术作用不大，你有舌根塌陷的问题，而且扁桃体也不是很大。呼吸机其实是个不错的选择，谁说要戴一辈子？现在不带，以后可能真要一辈子戴；现在戴了，还有可能脱机。
patient: ：我以前用过鱼跃的呼吸机，怎么都睡不着，感觉不够高档。我日常睡眠起来会觉得很疲惫，那天戴机器没睡好，不是真实情况，真实情况应该更重。我还在豆包上问过上海最好的耳鼻喉医院，它推荐的医院我约了专家，都没提到你们这儿。
doctor: ：豆包的回答都是训练好的，不用太在意。你之所以有睡眠呼吸暂停，首先因为你是男性，其次体型不算瘦，第三个你的雄激素在男性里算多的——你毛发浓密，还植过发，说明雄激素受体敏感，脱发也跟这个有关系。
pati",10.0,16.0,1,1,1,without_caregiver
"doctor: ：你叫什么名字？
caregiver: ：我叫[NAME]，端午节的端。这是我小孩[NAME]，我们挂的是汪医生的号，想帮孩子复诊，他12点钟要坐飞机，能不能商量一下先看，给他开个检查？我可能弄混了，孩子有腺样体问题，想检查一下腺样体情况，以前在当地看过，医生说长大以后再看，这次想来复查。
doctor: ：张口呼吸多长时间了？
caregiver: ：一直都这样，好几年了吧。
doctor: ：几年是3年还是5年？
caregiver: ：这我也说不准，大概5年了，一直张口呼吸，还会打呼。我以为约的9点钟的号，一个小时能搞定，昨天就过来了，没想到这么久。顺便我也想检查一下，我有鼻窦炎。
doctor: ：孩子鼻子痒、打喷嚏、流鼻涕多吗？
caregiver: ：应该没有什么鼻涕，主要就是张口呼吸、打呼。还有个问题，小孩最近吃东西或者平时，耳朵老疼，去采耳店把耳屎挖掉以后还是疼。
doctor: ：是耳朵前面疼、耳朵里面疼？
caregiver: ：就是耳朵前面这个位置疼。
doctor: ：你12点钟的飞机，现在应该在机场了吧？
caregiver: ：等会打车过去，",8.0,14.0,0,1,1,with_caregiver
"doctor: ：你好
patient: ：叫号了吗？
doctor: ：我还没有叫号，因为上一个人还没写完。
doctor: ：稍等一下。（广播：请[NAME]投资1029号到诊室二就诊）
doctor: ：你好，看什么问题？
patient: ：鼻炎，鼻子痒、打喷嚏、鼻塞、流鼻涕。
doctor: ：流鼻涕多不多？之前用药以后好点了吗？开的药吃了有用吗？
patient: ：之前来的时候鼻涕很多，用药以后好像效果还可以。上次那个医生跟我说要做睡眠监测，但我没时间，太忙了。
doctor: ：要看的，因为你不看的话，打呼会引来各种乱七八糟的毛病。那你今天是来复查的是吗？还打打呼噜吗？
patient: ：还打呼噜。我是过敏性鼻炎，现在比之前好很多了。
doctor: ：那今天我们做个鼻内镜吧，好不好？你看时间来不来得及，还是你只想配药？
patient: ：我都听你的。
doctor: ：看什么？我眼睛看不到，我是瞎子。放松，这能看得到啥呀？你鼻窦比较大嘞，你就是想配药是吧？鼻窦炎是怎么查出来的？外面医院做了CT是吗？
patient: ：对，自己在家那边医院做的CT。
doctor",20.0,18.0,1,1,1,without_caregiver
"doctor: ：你好，你刚刚不是已经回来过一次，我叫好像没叫到，是因为早签到了吗？还是啥？
caregiver: ：太早了。
doctor: ：还行，不是特别大，他可能以前特别大，现在还行。
caregiver: ：还行？那他看得出来堵了多少什么的？
doctor: ：看不出来。不是很大，真的还行，堵了多少不重要，你又不选择第一时间开刀，那堵多少重要吗？不重要。
caregiver: ：他影响？
doctor: ：不要这么焦虑。
caregiver: ：睡觉的？
doctor: ：你离我一米远，行吗？
caregiver: ：他影响他睡觉的那种吗？
doctor: ：影响做睡眠监测就好了呀。你可以给他排个睡眠监测，我们先用这药，然后差不多轮到寒假的时候过来做个睡眠监测。
caregiver: ：我是一直用那个华为手机给他带的。有问题吗？感觉喷的那个药还是管用的，吃的药不行，吃的药我没喷，然后就是他就是华为一直说高风险，呼吸暂停高风险，然后我就把吃的药停了之后只喷药。只喷的药话大多数时间都是低风险，或者说没有异常这种。
doctor: ：这准吗？
caregiver: ：应该吧。医院的",14.0,17.0,1,1,1,with_caregiver
"doctor: ：坐吧坐吧，怎么了？来看什么问题？
caregiver: ：医生，你有没有收到我们之前做的鼻镜报告？上周在耳[ORG]科总院拍的片，腺样体 0.75，有点大。
doctor: ：没有收到，我来查一下。是腺样体肥大是吧？
caregiver: ：对。上次看的医生建议我们把腺样体开掉，我们想问问能不开吗？肯定是不开比较好。
doctor: ：可以啊，保守治疗当然更好，先用药，要是不好再说呗。
caregiver: ：那他会不会影响面容啊？我觉得他现在已经有一点腺样体面容了。他以前也不打呼，就最近开始，夏天放暑假后说喉咙很窄。
doctor: ：你们家是不是都打呼啊？打呼是你们家更重的问题，全家都要看好不好？光开腺样体不足以让他的呼吸完全没问题，还有体重、脖子粗细、舌头位置高这些问题。你们全家组团来做个睡眠监测，头抬高放松啊，没跟你开玩笑。
caregiver: ：那天的医生就给开了一个滴鼻子的药。他这个腺样体以后还自己会缩小吗？
doctor: ：母鸡啊母鸡，以后缩小就缩小，没缩小就没缩小呗？你反正不想开刀，就不用管他以后会不会缩小。我们用一段时间药，之后复查看看有没有缩小",9.0,9.0,0,0,0,with_caregiver
"doctor: ：[NAME]，是吧？
patient: ：对，
doctor: ：您看什么
patient: ：耳鸣？
doctor: ：你 9 月份的那个药用完了之后好一点吗？
patient: ：感觉休息好的时候就好一点，但是现在还是响。
doctor: ：嗡嗡嗡的，还是叽叽叽的。
patient: ：比较尖锐的那种。
doctor: ：还是右耳是吧？
patient: ：对。是右耳。
doctor: ：反反复复的。
patient: ：一直响不行。
doctor: ：不用听力做过吗？
patient: ：做过，在这做的。
doctor: ：今天复听力吗？",11.0,12.0,1,1,1,without_caregiver
"caregiver: ：哈喽，我们回来啦！
doctor: ：没关系，我会看的。您坐一会，妈妈坐好不好？爸爸坐另外一个凳子，我们全家都坐下来。
caregiver: ：用不用再看一看？
doctor: ：还可以呀，你的小肚子挺大呀，看脸还没看出来。还吃手手呢，尴尬啦。我们叫全卫成，对吧？这个名字有什么美好的含义呀？
caregiver: ：是爸爸和妈妈的名字组成的。耳朵里面情况还行，片子给妈妈看一下？
doctor: ：腺样体是有点大的啊，正式报告你们到时候自己在系统里面查一下好不好？
caregiver: ：他这是腺样体的原因还是鼻炎的原因？影响大不大？好多腺样体肥大的要做手术，他这个用药就可以吗？
doctor: ：没关系，它们两个在一个通道上，扁桃体也有点大。他本身人长得比较小，稍微有点大就会显得呼吸道空间很窄。影响大不大，要做睡眠监测才知道。
doctor: ：所有家长都像古希腊掌管封闭式提问之神，总问“医生，这个有事吗？”“用药一定会有效果吗？” 先用一段时间药，这个药是针对鼻炎和腺样体肥大的。谢谢你的茶。
caregiver: ：不要忧心忡忡，不要忧心忡忡。我看好多腺样体肥",11.0,11.5,1,1,1,with_caregiver
"doctor: ：这么快就做完了，你怎么这么厉害？
caregiver: ：有点受凉，鼻子不太舒服。昨天晚上空调吹了一夜，最大风5级，最低温度，没把我吹走。
doctor: ：酷酷的，鼻腔有点负压。负压就是鼻腔堵塞了骨管开口，和耳朵是连着的，不用懂那么多，别焦虑，压力别太大。
caregiver: ：负压是什么意思呀？那现在堵塞多少呀？
doctor: ：看不出来，也不重要，不管是70%还是90%，用药量又不会加大。现在先保守治疗，用点药就行。
caregiver: ：我想给他寒假的时候做个睡眠监测，可以吗？大概要等多久？
doctor: ：睡眠呼吸监测大概要等3个月，差不多就在寒假的时候。如果通知你的时间不合适，到时候再协调。住院做监测要住2到3天，医保转过来的话，大概费用两三千。
caregiver: ：好的，我们已经转医保了。他以前在温州做过一次睡眠监测，带回家测的，报告说没有问题，就是不知道准不准。
doctor: ：以前做过就好，不过那次不一定准，三个月之后再查一次更放心。这个药要吃1到3个月，我先开一个月的量，方便过来就再来开，不方便的话鼻炎冲剂可以线上配。
caregiv",15.0,18.0,1,1,1,with_caregiver
"doctor: ：听力检查报告要明天出来，没关系，我看了一下，有点一点点负压，没事，不用管，是咳嗽引起的。
caregiver: ：好的。腺样体情况怎么样？是不是特别大？
doctor: ：腺样体有一点点大，但并不是特别大，没想象中那么严重。先改善鼻炎看看，不用太担心。
caregiver: ：他平时鼻涕也不是一直有，每天有那么一个时段会有鼻涕。我们平常也给他洗鼻子，还用了激素类的[NAME]特。
doctor: ：压力不要大，用药不用那么刻板，不用非要每天9点或固定时间用，今天用药就有今天的好处。可以调整用药：早上用糠酸莫米松，晚上用[NAME]。
caregiver: ：好的，那需要规律用药是吧？实在控制不住的话，一天至少要用一次，是这意思吧？
doctor: ：对，先给你开四周的药量，鼻炎冲剂如果来不了复诊，线上配就行，有的药家附近也能买到。你别看他乱碰机器，他其实挺乖的，在我们这不用让他安静，释放天性就行。
caregiver: ：好的，谢谢医生。那多久再来复诊？
doctor: ：一个月以后再来看看，待会你看一下我病历上写的具体注意事项。到隔壁做个问卷吧。
caregiver",14.0,12.0,1,1,1,with_caregiver
"doctor: ：你好。
caregiver: ：你好。
doctor: ：看什么？
caregiver: ：看鼻子。
doctor: ：来过吗？
caregiver: ：没有来过，第一次来。
doctor: ：[NAME]，不用[NAME]，是吧？
caregiver: ：对。
doctor: ：看什么？
caregiver: ：鼻子他一直不通，然后打喷嚏。
doctor: ：鼻子打喷嚏、鼻塞、流鼻涕?
caregiver: ：鼻涕，然后已经。
doctor: ：多长时间了？
caregiver: ：很久。
doctor: ：很久是多久？",15.0,13.0,1,1,1,with_caregiver
"doctor: ：你好，孩子的检查报告看了，腺样体有一点点大，不用开刀哈。
caregiver: ：但是她张口呼吸的情况已经两年了，我们没干预，现在是配点药吃，能让腺样体吸收吗？报告上写的明显增生。
doctor: ：我觉得还行。她是不是每天早上上唇会外翻、翘起来，还有点偏？
caregiver: ：对，早上特别明显，一整天下来会恢复一点。还有她鼻子经常流鼻血，最近更频繁，这一周出了两三次，之前两三年就有这个情况，小时候也偶尔出血。
doctor: ：那先用药把鼻炎治一治。验过血吗？流鼻血有很多原因，全身的肝肾功能问题、鼻炎都可能导致，验血是全身性的检查。
caregiver: ：没有验过。是针对性鼻子的验血，还是全身性的？我们可以下次复查的时候再验吗？现在验报告也没这么快出，下次复查正好能看报告。
doctor: ：可以，下次再说也行。你要知道，真要是白血病之类的严重问题，两三年早有其他症状了，先不要急着验血。妈妈做什么工作的？
caregiver: ：文职，平时比较关注孩子的小细节，可能有点过于焦虑。
doctor: ：就像你没想着把自己上唇的痣点掉一样，也忽略孩子上唇的轻微异常，",8.5,12.0,0,1,1,with_caregiver
"doctor: ：你好，检查做完了对吗？来给我看一下。腺样体是大的哦，而且耳朵有一点点负压，因为腺样体已经把咽鼓管给堵住了。
doctor: ：嗯，那先用药呗。想开刀吗？
caregiver: ：开刀啊？这鼻子要开刀的？
doctor: ：我就问你们想不想开刀？
caregiver: ：不一定要开吗？
doctor: ：没有，所以问你们的意愿。
caregiver: ：药能解决不啦？
doctor: ：这个我还真不知道，只能试试啊。
caregiver: ：他这增生什么意思？
doctor: ：就是肿了，大了一块是吧？
caregiver: ：是的。我们要注意点什么？
doctor: ：没啥好注意的，这大不大多少是先天决定的，不是后天的。
caregiver: ：先天的是吧？那先吃点药试试吧。
doctor: ：不行的话也可以有别的方法呀。
caregiver: ：可以打那个什么吗？再做个睡眠监测，然后带呼吸机啊？",11.0,14.0,1,1,1,with_caregiver
"doctor: ：有用吗？
caregiver: ：有一点。
doctor: ：你等一会自己再试试。你跟他说这个没用，你就跟他说是真正训练就行了， 5 个。字母是分别是哪五个？connecting 腺样体还行，不是特别大，咱们先按那个鼻炎来治好不好？
caregiver: ：我找到之前那个药还要看吗？
doctor: ：行，都找到了，这他学习态度这么好，能不看吗？
caregiver: ：翻了一下这个，这俩，去年 11 月份开的。
doctor: ：有点苦的药可以吃不？宝贝？
caregiver: ：可以，
doctor: ：你妈妈帮你做主了，我不管了啊。
caregiver: ：没问题。他那个片子拍了。就是电脑上
doctor: ：有一点点大。还行，可以，不大，你看38.67，今天又给你开了，早一次晚一次，按说明书吃好吗？嗯，包你好不好？不好别打我，好的话就把爸爸叫过来，看鼾症好吧。对呀，如果你是不是在附近住的话，你两周后自己到家附近去做个深导抗。
caregiver: ：什么？做什么？
doctor: ：深导抗
caregiver: ：这个检查好，回家了，宝贝，拜拜啦。",8.0,12.0,0,1,1,with_caregiver
"doctor: ：你好，来过我们医院是吧？
caregiver: ：来过来过，上个月正好一个月，这次想再看一下。用了一个月的药，我们观察下来有两个变化：一是呼吸比以前好很多，以前老是吸鼻子，现在还有但没那么频繁了；二是原来晚上睡觉打呼噜，现在也少了。
doctor: ：嗯，有好转就好。孩子鼻子一受凉，是不是还会哼哧哼哧的？
caregiver: ：对，一受凉就哼哧哼哧，我现在就怕开学，在家还能照顾到，开学他在学校疯起来脱衣服、吹凉风，就担心他受凉。
doctor: ：一受凉哼哧哼哧也很正常，要让孩子自己慢慢总结规律。比如上完体育课马上脱衣服，凉风一吹可能会不舒服，下次就知道早点穿起来，有风吹就赶紧穿衣服，要有这种自我保护意识，毕竟以后要长大，别人不会一直管着他。
caregiver: ：好的。那他这个腺样体肥大，以后长大了会不会自己消掉啊？
doctor: ：有可能，他现在腺样体不是特别大。今天想给他做个鼻镜，看看鼻涕情况怎么样，上次用洗鼻剂排了不少鼻涕，这次看着比上次少很多，有好转，慢慢来。
caregiver: ：好的。你刚才说让去看口腔科，是牙齿有问题吗？
doctor: ：他的",11.0,14.0,1,1,1,with_caregiver
"doctor: ：你好，稍微坐一会。检查结果怎么样？左边耳朵有一点点不好，是不是？
patient: ：对。我有时候耳鸣的时候，捏着鼻子鼓气，会好一点，但过一会又嗡嗡响了。医生，我这个耳朵经常很痒，是不是外耳道炎？医不好，每次洗好头我就靠棉签挠。
doctor: ：那给你开点药，痒的时候涂一下，先开一个礼拜的试试。你睡眠不好，安眠药没有了？
patient: ：嗯，安眠药没了。
doctor: ：我不开安眠药的哟。给你开我们医院自己做的冲剂，还有乌灵胶囊，你吃过吗？
patient: ：吃过了，没效果。我想要合欢皮颗粒。
doctor: ：关键还是要调整脾气性格，放过自己就是放过别人。给你开两个鼻子喷雾，先喷布地奈德，再喷羟甲唑啉，中间隔10分钟，羟甲唑啉用5天停两天。你的耳朵不好可能是鼻子的问题导致的，我们先试试看。
patient: ：鼻子也有问题是吧？
doctor: ：嗯，左边耳朵有一点咽鼓管功能不良，通常是鼻炎或者鼻咽部有炎症导致的，现在看上去不是大问题。鼻内镜检查你可以今天做，也可以下次再来做，今天已经让你来回跑了，你看怎么方便？
patient: ：下次做吧。以前在仁济医",14.0,18.0,1,1,1,without_caregiver
"doctor: ：你好，来看什么问题呀？鼻子怎么不好？你之前来过我们医院吗？
caregiver: ：来过，上次看的是喉咙。这次是孩子鼻炎的问题，有时候鼻涕很多，有时候少，从空调间出来或者冷热交替的时候就打喷嚏。上次开的沙生力源颗粒吃了有用，鼻炎喷鼻药喷了之后也能好一点，但还是有症状。
doctor: ：鼻子痒、打喷嚏、鼻塞、流鼻涕这些不舒服的症状，还有其他的吗？
caregiver: ：没有了。
doctor: ：今天是想配点药，还是做检查呀？做检查的话可以做鼻内镜。
caregiver: ：内心不太想做鼻内镜。
caregiver: ：他不太想做，那就先配点药呗？我想问问他鼻子里面的腺体现在还明显吗？小时候几岁、初中快毕业的时候做过检查，当时说有腺体问题。
doctor: ：不做鼻内镜的话，我也不知道腺体现在情况怎么样。咱先当鼻炎治，只要症状能缓解就行，不在乎腺体到底大不大。如果症状缓解了就没问题，不缓解的话下次再来做检查也行，鼻内镜当天能做得到。
caregiver: ：好的。
doctor: ：我看孩子现在已经有大人的样子了，青山美女的感觉，以为她很酷、很有自己的想法，但上次看",14.0,17.5,1,1,1,with_caregiver
"caregiver: ：看什么？
doctor: ：我们上次来过一次了。然后来我这啊。
caregiver: ：对，然后。
doctor: ：这次不是睡眠。
caregiver: ：哦，做过了。对，因为是我们老粉，
doctor: ：哈哈哈，
caregiver: ：我要那个报告，
doctor: ：报告都在这里，在里面啊。
caregiver: ：那坐吧，上次的鼻内镜怎么样呀？
doctor: ：鼻内镜好像说还好。
caregiver: ：行，那我看看。有一点点，然后看看睡眠监测， OAI 有一点点高， 2.7 大于 1 就可以做手术了，但是没关系 Don' t worry。然后用了药之后感觉如何？
doctor: ：没怎么认真用
caregiver: ：why？为什么？
doctor: ：那个什么喷鼻子用了，但是那个
caregiver: ：口服的呢。",13.0,19.0,1,1,1,with_caregiver
"doctor: ：你好看什么？
patient: ：看喉咙
doctor: ：怎么不好？
patient: ：我这喉咙呢？有时候特别难受，透气都不好透，
doctor: ：吃饭有影响吗？
patient: ：吃饭还好，还可以，吃东西还可以，就有时候又或者要冷的，也是透气不好。
doctor: ：那你透气肯定不好透，激动，怎么能好透气呢？
patient: ：对。有时候要难过起来，就这样的歇一口气好不容易。可以的，有时候一个月能好几天，那几天你就舒服了。哎，那过几天又不行，我这个看了好多场。
doctor: ：看的好多场是因为你的性格从来没变过。
patient: ：他说是看了好多地方。
doctor: ：你是一个眼睛里容不得沙子的女人，是吧？是不是？
patient: ：嗯，对，有点性格上是这样的。对，我就那里不舒服，做什么事都没精神，一点的精神都没有呃。
doctor: ：谁要是让你看不过眼了，
patient: ：对你讲这个我也是
doctor: ：打呼噜咋啦？",20.0,23.0,1,1,1,without_caregiver
"doctor: ：进来吧，[NAME]？有两个，是吧？
caregiver: ：对，还有[NAME]。
doctor: ：感谢你们全家都成为了我的客户，快来吧。
caregiver: ：谢谢。
doctor: ：先看谁。
caregiver: ：[NAME]。我感觉他有点腺样体面容。
doctor: ：什么症状？
caregiver: ：就。
doctor: ：坐坐。
caregiver: ：就是口呼吸，然后感觉有点嘴凸，就是有点，就是那种。
doctor: ：一共多久时间呢？多久时间？
caregiver: ：没注意，就是感觉他有点腺样体面容，你别嘴，别凸嘴，别故意。
doctor: ：不要说他了。你说一共多久来着？
caregiver: ：我不记得多久了。
doctor: ：几个月有吗？两个月有吗？",14.0,18.0,1,1,1,with_caregiver
"caregiver: ：你说就是两个月前用那个，就是地塞米松，就是那个地塞米松，他那个有鼻腔糜烂，然后就停了一阵子。
doctor: ：他现在糜烂吗？
caregiver: ：还有就是他就是每次跟他喷完了之后就给他那个擦红霉素。
doctor: ：也没必要，不要擦红霉素，没必要，不出血就不用管他。
caregiver: ：那他有糜烂
doctor: ：糜烂就是糜烂，
caregiver: ：他就经常的流血，一碰就流鼻血，而且量还挺。
doctor: ：反正他流鼻血的时候就不用康酸莫米松。
caregiver: ：哦，好，
doctor: ：一个礼拜就可以用好吗？
caregiver: ：好的好的。
doctor: ：那就是如果我们这个药用完了，用了一个月了之后，我们还是再过来还是啥？再就是线上跟你联系，
caregiver: ：你可以配嘛？你可以配，也可以线下来嘛？好看，方便，好吗？
doctor: ：好。",11.0,15.5,1,1,1,with_caregiver
"doctor: ：你好久等，我今天发挥有点失常，实在不好意思啊。看什么呢？
caregiver: ：他那个早晨起来经常就是感觉一直清嗓子，要持续一两个小时。
doctor: ：晚上睡觉打呼吗？
caregiver: ：不打呼，
doctor: ：张口呼吸也没有，是吧？
caregiver: ：对，然后他就是会持续一两个小时，吃完饭可能也会，而且会有那个吸鼻子，就是
doctor: ：没事，是吧？
caregiver: ：然后我就想看排除一下咽喉的问题。
doctor: ：一般来说孩子如果有抽动，一定是家长的问题。
caregiver: ：但是他早上我就吃完饭赶紧带出去，然后玩一圈回来一直到晚上都不会有这种能看到什么呀？
doctor: ：对呀，来，嘴巴张开说张大，非常好。good，good，看一下鼻子，这个一样的，看一下鼻子。鼻孔，把鼻孔撑开，不会进去，绝对不会进去。就这样，咱们打开看一下。
caregiver: ：你要配合，不然要很久。
doctor: ：哎呦，看那个鼻屎，哎呦，哈哈，是鼻屎，我没敢挖，因为他有鼻炎。没事。
caregiver: ：干嘛？
doctor: ：耳朵，看下",13.0,12.0,1,1,1,with_caregiver
"doctor: ：久等，不好意思啊。您好，看什么？您看什么？
patient: ：我的耳朵
doctor: ：怎么不好？
patient: ：耳朵耳鸣。
doctor: ：多长时间了？有做过检查吗呃？
patient: ：耳朵里面没做，就是一年多了吧。
doctor: ：两边耳朵都耳鸣吗啊？嗡嗡嗡的还是叽叽叽的，
patient: ：就嗡嗡的响，越来越严重，还加上还这两天一周了，晕，起床的时候晕的很。
doctor: ：晕多久？
patient: ：嗯，一个礼拜。
doctor: ：不是，我的意思是说你起床的时候什么情况下你会晕？
patient: ：就是起来的时候。
doctor: ：晕一下就好了。
patient: ：就是。
doctor: ：都是平躺，然后起来的时候。是吧",14.0,13.0,1,1,1,without_caregiver
"doctor: ：是吧？这还没看呢，得看一下，
caregiver: ：很明显能看出来，是吧？
doctor: ：他左边堵着，右边还行，能不能给直接夹出来？
caregiver: ：我们不夹的话，是不是因为会疼呀？之前我父亲在这边看的时候，医生给夹过，
doctor: ：你父亲的耳朵跟他的耳朵不一样，他皮肤嫩嘛？
caregiver: ：对，他马上就要哭了，还念叨[NAME]呢。
doctor: ：奥什么曼？我先看一眼。
caregiver: ：哈哈哈
doctor: ：还没开始弄呢，你就要这样。哎，已经梨花带雨了，还没弄呢，只是要看一下而已。来，站起来给你看一下，不弄你。你想不想把它弄好呀？怎么还哭了？来来来，什么星座啊？水象星座？
caregiver: ：我们是金牛座。
doctor: ：来，请坐。
doctor: ：为啥呢？你看他，刚刚给他看耳朵的时候，他就皱眉头了，对吧？
doctor: ：哭什么呀？
doctor: ：男人不是应该很有魅力的吗？放轻松，我看一眼就好，在美女面前别动，丢了份多不好。
caregiver: ：看好了呀，好了呀。",10.0,9.0,1,0,1,with_caregiver
"doctor: ：我们的这里面提示你还是有点充血肿胀，怎么会两边耳朵都这样呢？
caregiver: ：是不是噪音方面？噪音...
doctor: ：啊？
caregiver: ：额去年就开始有症状了，3月份治过一次，稍微好了一点，这两天特别严重。
doctor: ：最近休息得怎么样？
caregiver: ：还可以，睡眠质量一向很好。
doctor: ：心里有没有事儿？
caregiver: ：没有。
doctor: ：工作环境是什么样子的？
caregiver: ：额就有时候要去车间，那边比较吵，我可能会带耳塞。
doctor: ：会带耳塞是吧？
caregiver: ：嗯，耳塞耳塞...
doctor: ：戴耳塞，你的耳塞消毒各方面都怎么样？
caregiver: ：就是买的那种普通耳塞。
doctor: ：然后手洗干净，然后在那搓，就是这样就拿着就进去了，是吧？拿着就进去了？",9.5,12.0,0,1,1,with_caregiver
"doctor: ：懂吗？就是聪明的小孩就是会这里摸那里摸，因为他对这个世界充满着好奇。
caregiver: ：嗯，他就是哪怕是走来走去，不听老师随便问一个问题，他能够第一反应就说出来，别人还没反应过。
doctor: ：对，这就是你肚子里生出来的天才，知道吗？但是你得上班。你哪怕不上班，你得搞点事做，你不能光带他。
caregiver: ：嗯嗯嗯
doctor: ：你就很焦虑。你焦虑的话你小，你对他的怨，你，你肯定很爱他，但是你同时也怨。
caregiver: ：对对对，因为他一一那个的话调皮干嘛？我就骂就打，就是这样子。
doctor: ：所以你还怨他。
caregiver: ：对对对对对，
doctor: ：你要完全看到他的存在带给你的美好，然后忽略就是要把他那些没关系那些东西去转换掉。
caregiver: ：嗯嗯嗯，
doctor: ：因为你给他造成的压力也会让他过敏，因为他随时在承接他。
caregiver: ：就是有些东西不肯跟我说，跟老师在说，老师我想吃什么，但我妈妈不给我买，不肯给我买。然后老师你不要跟我妈妈去说。
doctor: ：他说我让你做的一个生长发做了吗？我",11.0,11.0,1,1,1,with_caregiver
