section,measure,count,denominator,note
Full descriptive dataset,Patient records,84,,Patient record is the unit for cohort and demographic descriptions.
Full descriptive dataset,Visit segments,131,84,Visits are nested within patient records.
Full descriptive dataset,Role-labeled dialogue turns,5531,131,"Turns are model inputs or features, not independent analysis samples."
Full descriptive dataset,Doctor-labeled turns,2824,5531,Role-labeled turn count.
Full descriptive dataset,Caregiver-labeled turns,1889,5531,Role-labeled turns do not provide a caregiver or family identifier.
Full descriptive dataset,Patient-labeled turns,818,5531,Role-labeled turn count.
Clinical scales,Paired GAD-7/PHQ-9 scale records,109,84,"A scale record is a measurement unit, not a patient count; respondent identity cannot be independently verified."
Caregiver turns,Patient records with at least one caregiver-labeled turn,63,84,Descriptive role-derived subset; distinct from the 63 patients in the ML cohort.
Caregiver turns,Patient records without caregiver-labeled turns,21,84,Descriptive patient records with no caregiver-labeled dialogue turn.
Age availability,Patient records with any recorded age,35,84,Age availability is incomplete.
Age availability,Patient records with pediatric age 0-17,21,84,Pediatric age uses recorded ages from 0 through 17 years.
Revision ML cohort,Curated visit-level prediction records,78,131,The visit is the primary ML analysis and prediction unit.
Revision ML cohort,Patients represented in the curated ML cohort,63,84,patient_id is the cross-validation grouping and bootstrap resampling unit.
Revision ML targets,Anxiety-positive visits (GAD-7 >= 10),50,78,The remaining 28 visits are anxiety-negative.
Revision ML targets,Depression-positive visits (PHQ-9 >= 10),59,78,The remaining 19 visits are depression-negative.
Cross-validation,Test visits by fold,16/16/16/15/15,78,Each visit receives exactly one out-of-fold prediction.
Cross-validation,Test patients by fold,13/13/13/12/12,63,All visits from one patient remain in the same fold.
Uncertainty estimation,Patient-level bootstrap draws,2000,63,"Patients, rather than visits or turns, are resampled for 95% confidence intervals."
