figure_id,target,target_label,source_kind,feature_mode,method_label,selected_main_model,visits,patients,cv_grouping,folds,seed,bootstrap_draws,bacc,bacc_low,bacc_high,bacc_bootstrap_draws,f1,f1_low,f1_high,f1_bootstrap_draws,recall,recall_low,recall_high,recall_bootstrap_draws,specificity,specificity_low,specificity_high,specificity_bootstrap_draws,roc_auc,roc_auc_low,roc_auc_high,roc_auc_bootstrap_draws,pr_auc,pr_auc_low,pr_auc_high,pr_auc_bootstrap_draws,tn,fp,fn,tp,n,positive_rate
figure3_1,anxiety,Anxiety,model,tfidf_svd,TF-IDF + SVD,False,78,63,patient_id,5,2026,2000,0.541429,0.424618,0.657509,2000,0.536585,0.394366,0.659091,2000,0.440000,0.301840,0.583333,2000,0.642857,0.461538,0.823529,2000,0.580000,0.463062,0.695371,2000,0.700480,0.576553,0.827498,2000,18,10,28,22,78,0.641026
figure3_1,anxiety,Anxiety,model,liwc_only,LIWC only,False,78,63,patient_id,5,2026,2000,0.492857,0.393751,0.595779,2000,0.666667,0.556645,0.766355,2000,0.700000,0.565217,0.826923,2000,0.285714,0.121212,0.466667,2000,0.415714,0.273833,0.567398,2000,0.577368,0.458658,0.753582,2000,8,20,15,35,78,0.641026
figure3_1,anxiety,Anxiety,model,domain_only,Domain rules,False,78,63,patient_id,5,2026,2000,0.452143,0.336619,0.560483,2000,0.505747,0.375000,0.622222,2000,0.440000,0.304348,0.574468,2000,0.464286,0.260870,0.655172,2000,0.454286,0.320532,0.586847,2000,0.650880,0.529494,0.791514,2000,13,15,28,22,78,0.641026
figure3_1,anxiety,Anxiety,model,hybrid_v2,Hybrid v2,True,78,63,patient_id,5,2026,2000,0.547857,0.428124,0.670575,2000,0.615385,0.488372,0.731183,2000,0.560000,0.420000,0.700000,2000,0.535714,0.358974,0.724138,2000,0.609286,0.493718,0.730346,2000,0.715847,0.587352,0.837543,2000,15,13,22,28,78,0.641026
figure3_1,anxiety,Anxiety,baseline,majority,Majority baseline,False,78,63,patient_id,5,2026,2000,0.500000,0.500000,0.500000,2000,0.781250,0.695652,0.850789,2000,1.000000,1.000000,1.000000,2000,0.000000,0.000000,0.000000,2000,0.500000,0.500000,0.500000,2000,0.641026,0.533333,0.740325,2000,0,28,0,50,78,0.641026
figure3_1,anxiety,Anxiety,baseline,prevalence_random,Seeded prevalence random,False,78,63,patient_id,5,2026,2000,0.442857,0.332195,0.552768,2000,0.600000,0.468085,0.708382,2000,0.600000,0.448980,0.736842,2000,0.285714,0.125000,0.461538,2000,0.442857,0.332195,0.552768,2000,0.616410,0.503715,0.736000,2000,8,20,20,30,78,0.641026
figure3_2,depression,Depression,model,tfidf_svd,TF-IDF + SVD,False,78,63,patient_id,5,2026,2000,0.474130,0.340909,0.618050,2000,0.577320,0.458239,0.686275,2000,0.474576,0.344249,0.610193,2000,0.473684,0.238095,0.727273,2000,0.561998,0.419030,0.703895,2000,0.808104,0.713859,0.899557,2000,9,10,31,28,78,0.756410
figure3_2,depression,Depression,model,liwc_only,LIWC only,True,78,63,patient_id,5,2026,2000,0.565566,0.454524,0.670878,2000,0.775862,0.690909,0.848000,2000,0.762712,0.648148,0.866667,2000,0.368421,0.153846,0.588235,2000,0.589652,0.441521,0.737337,2000,0.809802,0.712099,0.913531,2000,7,12,14,45,78,0.756410
figure3_2,depression,Depression,model,domain_only,Domain rules,False,78,63,patient_id,5,2026,2000,0.567351,0.423241,0.707156,2000,0.722222,0.613821,0.814833,2000,0.661017,0.535714,0.779661,2000,0.473684,0.230769,0.714286,2000,0.580731,0.395765,0.757304,2000,0.810280,0.703922,0.913840,2000,9,10,20,39,78,0.756410
figure3_2,depression,Depression,model,hybrid_v2,Hybrid v2,False,78,63,patient_id,5,2026,2000,0.543711,0.404738,0.678772,2000,0.618557,0.500000,0.723414,2000,0.508475,0.379310,0.634623,2000,0.578947,0.352941,0.800000,2000,0.580731,0.440210,0.717921,2000,0.815486,0.723648,0.905993,2000,11,8,29,30,78,0.756410
figure3_2,depression,Depression,baseline,majority,Majority baseline,False,78,63,patient_id,5,2026,2000,0.500000,0.500000,0.500000,2000,0.861314,0.796745,0.916046,2000,1.000000,1.000000,1.000000,2000,0.000000,0.000000,0.000000,2000,0.500000,0.500000,0.500000,2000,0.756410,0.662157,0.845098,2000,0,19,0,59,78,0.756410
figure3_2,depression,Depression,baseline,prevalence_random,Seeded prevalence random,False,78,63,patient_id,5,2026,2000,0.530776,0.416070,0.646521,2000,0.758621,0.666667,0.836066,2000,0.745763,0.622951,0.859649,2000,0.315789,0.111111,0.529412,2000,0.530776,0.416070,0.646521,2000,0.767984,0.665324,0.862232,2000,6,13,15,44,78,0.756410
