patient_id,visit_id,text,gad_score,phq_score,anxiety_label,depression_label,combined_label,dataset
P-000003,V-000003-1,"caregiver: ：他这一个月里面有几次流鼻血，都是同一个鼻孔，左边这个鼻孔。上个礼拜带他在金山医院看过，配了红霉素软膏和糠酸莫米松鼻喷剂，还有金霉素，这两天在给他用。
caregiver: ：流鼻涕，有一点鼻炎，是清水涕，打喷嚏什么的基本上没有。他有的时候会下意识去抠鼻子，睡觉会打呼噜、张口呼吸。
caregiver: ：就医生看了一下，没做其他检查。他之前做核酸捅鼻子比较痛，所以害怕东西伸进鼻子里，小的时候不怕，大了有痛觉了，20年、21年捅鼻子还不哭的。
caregiver: ：好的好的。这个医院到底有几楼？好大的楼。
caregiver: ：好，走，妈妈一起去。",12.0,13.0,1,1,1,with_caregiver
P-000003,V-000003-2,"caregiver: ：那可能还是过敏性鼻炎没控制好，所以容易出血吧？他身上没有斑什么的，需要验血吗？
caregiver: ：对。
caregiver: ：好的。
caregiver: ：好。上周六玩完水之后到现在基本上没流了，现在也不让他自己抠鼻子了。奶奶前段时间鼻子流鼻血，后来长了个血管瘤，所以今天有点担心他，他太小了，也害怕做鼻镜，有点紧张。
caregiver: ：好的。小朋友脾气怎么样？是火象星座还是风象星座的性格？
caregiver: ：对，在家比现在还要强硬一点，他说“因为我是个男人”，哈哈哈。有一天晚上跟爸爸吵了一架，哭了之后马上鼻血就哗啦哗啦流，就像情绪一样喷涌而出。
caregiver: ：金霉素眼膏还能涂吗？
caregiver: ：10月份，10月8号。",7.0,14.0,0,1,1,with_caregiver
P-000009,V-000009-1,"caregiver: ：但是她张口呼吸的情况已经两年了，我们没干预，现在是配点药吃，能让腺样体吸收吗？报告上写的明显增生。
caregiver: ：对，早上特别明显，一整天下来会恢复一点。还有她鼻子经常流鼻血，最近更频繁，这一周出了两三次，之前两三年就有这个情况，小时候也偶尔出血。
caregiver: ：没有验过。是针对性鼻子的验血，还是全身性的？我们可以下次复查的时候再验吗？现在验报告也没这么快出，下次复查正好能看报告。
caregiver: ：文职，平时比较关注孩子的小细节，可能有点过于焦虑。
caregiver: ：（默认）
caregiver: ：对，我就怕时间拖得长，上牙会歪。她本来有点内向，我是不是太关注导致她更内向了？
caregiver: ：他是大人了，我管不了，只能挑“软柿子捏”嘛，没有没有，他可不软，我听他的。
caregiver: ：好呀好呀。如果吃了药张口呼吸好多了，下次是不是一定要带她来？",7.0,14.0,0,1,1,with_caregiver
P-000011,V-000011-1,"caregiver: ：[NAME]。我们担心孩子的鼻梁歪不歪，还有鼻炎，他现在老是流鼻血，平常有一点打喷嚏、鼻塞、流鼻涕，这种情况大概七八年了。
caregiver: ：有时候张嘴还流口水，睡觉也打呼。
caregiver: ：好的，谢谢医生。
caregiver: ：好的。",7.0,9.0,0,0,0,with_caregiver
P-000011,V-000011-2,"caregiver: ：那流鼻血的问题怎么弄？现在就想把容易流血的血管烫死，有这种手术是吧？他现在血管老破裂，闻到辣味、揉揉鼻子都可能出血，以后要去[ORG]读水利水电工程，那边气候特别干燥，我怕他不适应，流更多血。
caregiver: ：今天好像没有激光科，下个星期天有吗？
caregiver: ：好的好的。他自己都没觉得这是个事，挺淡定的，我们家长着急。
caregiver: ：就是担心那边干燥，他流鼻血更频繁。之前在苏州附医院开了清洗鼻子的药，还有雷诺考特、糠酸莫米松这些激素类喷鼻剂，喷了之后感觉鼻子特别敏感。
caregiver: ：我容易压力大，不好意思。医生，我国庆节、端午节能来看病吗？
caregiver: ：有二胎，但小的不行。
caregiver: ：对对对。
caregiver: ：好的。",21.0,23.0,1,1,1,with_caregiver
P-000014,V-000014-1,"caregiver: ：医生你好。他十天前晚上睡觉半夜流了一次鼻血，昨天晚上又流了一次，吓得我全身发抖。晚上睡觉不打呼噜，但有张口呼吸，鼻子不通，还有一大坨鼻屎，上一次流完鼻血两天后掏了鼻屎，上面有一点点血渍，主要还是鼻屎多。
caregiver: ：只有鼻塞，其他症状都没有。我在想可能是太干了，上次流鼻血后没在意，这才十来天又流了，就害怕了。昨天晚上抱着他不睡空调间，就没那么干了。
caregiver: ：加湿器不是说会滋生细菌吗？放在阳台上晒一下就行？
caregiver: ：有牛奶过敏、猫毛过敏，但我们不养猫，他现在每天晚上都喝过敏药，一口就能下去。
caregiver: ：（配合检查）
caregiver: ：半夜流的，没看清哪个鼻子，发现的时候枕头、床上全是血，已经不流了。
caregiver: ：好的，小朋友是浙江人，就是靠近福建，你说他有福建小朋友的感觉，哈哈哈。拍完片子马上就能出报告吗？
caregiver: ：好的，谢谢啊。",7.0,9.0,0,0,0,with_caregiver
P-000014,V-000014-2,"caregiver: ：好的，按鼻炎治是吧？
caregiver: ：是啊，我能不能也用这个石蜡油？我感觉鼻子捏住有点刺痛，这几天又不刺痛了，估计前段时间有点发炎。
caregiver: ：好的。那个鼻炎冲剂孩子能吃吗？有点苦。他之前得了轻微手足口，喷过那种叫利剑的喷鼻剂，吃药还行，给点糖他就喝。
caregiver: ：好的，谢谢医生。",7.0,13.0,0,1,1,with_caregiver
P-000018,V-000018-1,"caregiver: ：来过，上次看的是喉咙。这次是孩子鼻炎的问题，有时候鼻涕很多，有时候少，从空调间出来或者冷热交替的时候就打喷嚏。上次开的沙生力源颗粒吃了有用，鼻炎喷鼻药喷了之后也能好一点，但还是有症状。
caregiver: ：没有了。
caregiver: ：内心不太想做鼻内镜。
caregiver: ：他不太想做，那就先配点药呗？我想问问他鼻子里面的腺体现在还明显吗？小时候几岁、初中快毕业的时候做过检查，当时说有腺体问题。
caregiver: ：好的。
caregiver: ：对，我平时确实关注得多，症状我都清楚。
caregiver: ：开学之后一日三餐不太规律，早上可能比较着急，这个冲剂自己能泡吗？方便携带吗？
caregiver: ：哎，好的。配药的话直接去那边付费拿药就行，是吧？",19.0,23.0,1,1,1,with_caregiver
P-000021,V-000021-1,"caregiver: ：我叫[NAME]，端午节的端。这是我小孩[NAME]，我们挂的是汪医生的号，想帮孩子复诊，他12点钟要坐飞机，能不能商量一下先看，给他开个检查？我可能弄混了，孩子有腺样体问题，想检查一下腺样体情况，以前在当地看过，医生说长大以后再看，这次想来复查。
caregiver: ：一直都这样，好几年了吧。
caregiver: ：这我也说不准，大概5年了，一直张口呼吸，还会打呼。我以为约的9点钟的号，一个小时能搞定，昨天就过来了，没想到这么久。顺便我也想检查一下，我有鼻窦炎。
caregiver: ：应该没有什么鼻涕，主要就是张口呼吸、打呼。还有个问题，小孩最近吃东西或者平时，耳朵老疼，去采耳店把耳屎挖掉以后还是疼。
caregiver: ：就是耳朵前面这个位置疼。
caregiver: ：等会打车过去，一个小时能到，实在不行就把飞机延后，这是最后的方法。汪医生还没看呢，我这边无所谓，主要是孩子。
caregiver: ：不好意思，那我把飞机改签了，改到三点半。麻烦医生快点，我下午赶三点半的飞机，开个药就行。
caregiver: ：有一点点。",8.0,14.0,0,1,1,with_caregiver
P-000022,V-000022-1,"caregiver: ：来过来过，上个月正好一个月，这次想再看一下。用了一个月的药，我们观察下来有两个变化：一是呼吸比以前好很多，以前老是吸鼻子，现在还有但没那么频繁了；二是原来晚上睡觉打呼噜，现在也少了。
caregiver: ：对，一受凉就哼哧哼哧，我现在就怕开学，在家还能照顾到，开学他在学校疯起来脱衣服、吹凉风，就担心他受凉。
caregiver: ：好的。那他这个腺样体肥大，以后长大了会不会自己消掉啊？
caregiver: ：好的。你刚才说让去看口腔科，是牙齿有问题吗？
caregiver: ：这还真没注意。下颌矫正怎么矫正啊？老家那边的医生我不相信，之前把他的情况当感冒，一拖就是一年，在三院看的也不行。我们现在在苏州，跑上海矫牙也挺麻烦。
caregiver: ：好的，谢谢医生。那复查的话，多久来一次？
caregiver: ：好的，主要是不放心老家的医生，现在娃也不是娇气，就是理念和体质跟我们小时候不一样。
caregiver: ：对，我也打。",11.0,14.0,1,1,1,with_caregiver
P-000023,V-000023-1,"caregiver: ：是双胞胎，这个孩子睡觉张嘴，还打呼，这种情况差不多有两年了。他只要不感冒还好，一感冒就严重。
caregiver: ：没有没有，平时鼻子痒、打喷嚏都不多，就是偶尔打一下。有时候嗓子痒了会打喷嚏或者咳嗽。
caregiver: ：只做过拍片，没做过其他的。
caregiver: ：哦，我刚没听懂，不好意思。
caregiver: ：现在60斤",12.0,11.0,1,1,1,with_caregiver
P-000024,V-000024-1,"caregiver: ：小朋友晚上睡觉有点打呼噜，嘴巴稍微有点张开，之前也在这边经常复诊，从小有点鼻炎，最近有点发作。本来想给他整牙，牙科医生拍侧面X光片说他气道比别的小朋友窄，我在想会不会是腺样体的问题。打呼噜大概有两年了，不是天天打。
caregiver: ：他爸爸打呼。
caregiver: ：有时候会鼻塞，打喷嚏也多，流鼻涕也多，最近鼻炎有点发作。之前查过敏源，说他对尘螨、粉尘有点过敏，鼻炎一阵一阵的。
caregiver: ：白天精神还好，晚上不会憋醒，最多是热醒。
caregiver: ：要拍腺样体肥大的片子吗？他牙科拍片是骨性的，顺道看到气道窄，不是专门拍的。
caregiver: ：哈哈哈，每次就诊都这样。之前就诊的时候，都能脑补出舞台剧了，家长化身古希腊掌管封闭式提问之神，穿着白大褂问医生各种问题。",7.0,10.0,0,1,1,with_caregiver
P-000025,V-000025-1,"caregiver: ：对。
caregiver: ：住院要住多长时间？是背个机器还是什么？
caregiver: ：要约多久才能住院？他现在高三，要上学，没时间。
caregiver: ：3个月啊？那寒假里我们再过来行不行？现在8月份，11月份还在上学，不太方便请假。
caregiver: ：好的，那需要换种药吗？之前用的是喷的那种，已经用完了。
caregiver: ：好的。医生，你觉得高三的课必须要上吗？
caregiver: ：哈哈哈，医生你是学霸，不一样。我们还是相信孩子的。
caregiver: ：对对对对，谢谢医生。",7.0,9.0,0,0,0,with_caregiver
P-000029,V-000029-1,"caregiver: ：主要是孩子鼻子的问题，鼻子痒、打喷嚏、鼻塞、流鼻涕，经常性流鼻涕，最主要是晚上睡觉张口呼吸、嘴巴张大。他出生就有点异常，不会张口呼吸，但鼻子堵住后就会憋气憋醒，睡觉很不好。
caregiver: ：以前夏天会好一点，去年夏天还可以，冬天更严重，今年夏天睡觉也不好了。他不会张口呼吸，鼻子一堵就憋气，老是憋醒。
caregiver: ：好的，是去地下一楼交完费再做吗？",14.0,12.0,1,1,1,with_caregiver
P-000031,V-000031-1,"caregiver: ：叫[NAME]。我们是来看病的，他是腺样体肥大，然后加过敏性鼻炎，都有。晚上就张着嘴巴打呼噜，呼噜还好。谢谢你，我们上次，上个月到嘉兴看了一次。
caregiver: ：就老打喷嚏、鼻子痒、鼻塞、流鼻涕，都有。
caregiver: ：那很久了。
caregiver: ：好几年了？
caregiver: ：那就三年了，估计三四岁的时候开始。
caregiver: ：压一下没关系，轻轻的来压舌头。
caregiver: ：那这是他上次在嘉兴看的，稍等一下啊。
caregiver: ：然后他这个手上，我昨天去看了皮肤科，那皮肤科的医生也说是因为过敏性体质导致的，所以我们打一个脱敏针，叫什么来着？避什么虫疫苗？嗯，叫[NAME]必妥，这是干嘛的？他说他不是过敏吗？然后全身皮肤上都是有这种的，就很粗。他说打了之后可以减轻那个过敏症状，所以这是个什么药呢？",9.0,10.0,0,1,1,with_caregiver
P-000032,V-000032-1,"caregiver: ：很明显能看出来，是吧？
caregiver: ：我们不夹的话，是不是因为会疼呀？之前我父亲在这边看的时候，医生给夹过，
caregiver: ：对，他马上就要哭了，还念叨[NAME]呢。
caregiver: ：哈哈哈
caregiver: ：我们是金牛座。
caregiver: ：看好了呀，好了呀。
caregiver: ：哎呦，他耳屎挺多的，真的很多。
caregiver: ：那我们这边能挂号吗？还是回家自己冲？",10.0,9.0,1,0,1,with_caregiver
P-000034,V-000034-1,"caregiver: ：蛮久了
caregiver: ：对的，她嘴有点闭不上，戴了假牙。一开始没想到是鼻子的问题，还以为是牙齿的问题，也有可能是喉咙问题。
caregiver: ：这样的喘不上来气是为什么呀？就是不知道，可能气不太足、气血不足是吧？然后就是气喘不上来，说话会有大喘气，才能继续说下面的。她平时说话语速也很慢，自己觉得有点结巴，不能像我这样子正常说话，她说说话很累。
caregiver: ：下周六我们要出行，之后还在上海。睡眠监测是要监测一周吗？是住院做还是怎么样？
caregiver: ：好的，可以的，没问题。那您说去学校也可以监测吗？
caregiver: ：也是有点，我觉得是她舌头太大了，没地方放。
caregiver: ：有可能我比较着急。
caregiver: ：医生，她这没什么大问题吧？",16.0,11.0,1,1,1,with_caregiver
P-000038,V-000038-1,"caregiver: ：医生，你有没有收到我们之前做的鼻镜报告？上周在耳[ORG]科总院拍的片，腺样体 0.75，有点大。
caregiver: ：对。上次看的医生建议我们把腺样体开掉，我们想问问能不开吗？肯定是不开比较好。
caregiver: ：那他会不会影响面容啊？我觉得他现在已经有一点腺样体面容了。他以前也不打呼，就最近开始，夏天放暑假后说喉咙很窄。
caregiver: ：那天的医生就给开了一个滴鼻子的药。他这个腺样体以后还自己会缩小吗？
caregiver: ：我就是想知道，是一定要开掉，还是可以不开？
caregiver: ：所以我在纠结要不要给他弄。那如果开刀的话是都要切，是吧？
caregiver: ：也不是很瘦，但也不胖。我是胖了之后才开始打呼的。
caregiver: ：下次打算什么时候来复查？鼻内镜有麻药吗？",11.0,9.0,1,0,1,with_caregiver
P-000045,V-000045-1,"caregiver: ：[NAME]。
caregiver: ：上星期天到星期三，连续4天流鼻血，左边右边都有。
caregiver: ：血压不高，量过的，当时是正常的。
caregiver: ：没有，这些症状都没有。
caregiver: ：出血的时候量过，后来带他去医院急诊看过，医生没采血，就看了一下，说鼻粘膜薄。
caregiver: ：没有。
caregiver: ：不打呼。
caregiver: ：爸爸不打呼。",7.0,9.0,0,0,0,with_caregiver
P-000045,V-000045-2,"caregiver: ：好的。
caregiver: ：谢谢。",9.0,11.0,0,1,1,with_caregiver
P-000047,V-000047-1,"caregiver: ：妈妈一来这段时间还蛮不错的，就是她好像不怎么吸鼻涕了，妈妈想在开学之前让她来复诊查一下，看看现在什么情况。
caregiver: ：我不想做。
caregiver: ：嗯，感觉好多了。
caregiver: ：应该是哪方面好多了？不怎么堵了，还有脓鼻涕吗？
caregiver: ：没有脓鼻涕，就只有清的。
caregiver: ：一开始一直就是鼻塞。
caregiver: ：配了。
caregiver: ：直接在我们家里那边的医院配的，所以没断过。",7.0,9.0,0,0,0,with_caregiver
P-000047,V-000047-2,"caregiver: ：就是感觉小了，我看那个片子也觉得小了，没那么多鼻涕了，也没那么多胀气了。是的是的呢。那他这个药还要坚持吃吗？
caregiver: ：哎，没事，我们能开得到药，我们自己开也没事。
caregiver: ：嗯，10 天的量吗？
caregiver: ：Yes.",7.0,9.0,0,0,0,with_caregiver
P-000051,V-000051-1,"caregiver: ：[NAME]。
caregiver: ：他晚上睡觉有点张着嘴，还有一点点打呼噜，鼻子塞。如果他闭着嘴喘气，就会听着声音比较粗。门先关紧好吗？
caregiver: ：好的。我们在家那边看过耳鼻喉科，医生诊断说是鼻炎、鼻窦炎，开了一些治鼻炎的药，喷了一个月，我觉得好很多。正好到这边，想再检查一下。家里附近做过鼻腔镜，医生就看了一下，说是鼻炎、鼻窦炎。
caregiver: ：今天去拍个片子可以吗？他这情况有可能跟耳朵有关系吗？有的医生说可能是腺样体肥大，是吧？那要做检查才能确定。1027号轮到我们了吗？
caregiver: ：听力测试要先到导诊台打单吗？
caregiver: ：我们拿就诊卡付。",7.0,9.0,0,0,0,with_caregiver
P-000051,V-000051-2,"caregiver: ：哈喽，我们回来啦！
caregiver: ：用不用再看一看？
caregiver: ：是爸爸和妈妈的名字组成的。耳朵里面情况还行，片子给妈妈看一下？
caregiver: ：他这是腺样体的原因还是鼻炎的原因？影响大不大？好多腺样体肥大的要做手术，他这个用药就可以吗？
caregiver: ：不要忧心忡忡，不要忧心忡忡。我看好多腺样体肥大的要做手术，他这个用药就行是吧？做手术万一不好，也会复发，是吧？
caregiver: ：对，只是我们大人看着有点担心。
caregiver: ：有一个滴鼻液怎么滴呢？
caregiver: ：能不能看出来他有没有鼻炎、鼻窦炎？",15.0,14.0,1,1,1,with_caregiver
P-000053,V-000053-1,"caregiver: ：孩子鼻子的问题，距离上次就诊快一年了。他每天早上起来总感觉鼻涕洗不完，感冒的时候会鼻子痒、打喷嚏、流鼻涕，鼻塞倒没有很严重，就是流鼻涕多。
caregiver: ：空气不好或者接触到什么东西就容易打，他是过敏体质。每次传染到什么病毒，就会流洗不完的黄鼻涕。
caregiver: ：还有，爸爸也打呼（爸爸：我打呼）。我小时候上初中、高中就不停擤鼻涕，感觉学习都跟不上，看着难受。
caregiver: ：对，当时腺样体堵塞85%，后来通了就没复查了，看他晚上睡觉也没事。",16.0,14.0,1,1,1,with_caregiver
P-000055,V-000055-1,"caregiver: ：（告知姓名）
caregiver: ：耳朵
caregiver: ：就是它这几天耳朵特别疼，一动就疼
caregiver: ：大概快一周了。
caregiver: ：之前有看过，最近又反复了。
caregiver: ：之前说有点发炎。
caregiver: ：不疼。
caregiver: ：昨天还是很痛，今天稍微好一点了。耳疼还会痒，有时候还会流脓这样子。",7.0,9.0,0,0,0,with_caregiver
P-000055,V-000055-2,"caregiver: ：是不是噪音方面？噪音...
caregiver: ：额去年就开始有症状了，3月份治过一次，稍微好了一点，这两天特别严重。
caregiver: ：还可以，睡眠质量一向很好。
caregiver: ：没有。
caregiver: ：额就有时候要去车间，那边比较吵，我可能会带耳塞。
caregiver: ：嗯，耳塞耳塞...
caregiver: ：就是买的那种普通耳塞。
caregiver: ：嗯对",12.0,15.0,1,1,1,with_caregiver
P-000057,V-000057-1,"caregiver: ：没来过哦。带他来看鼻炎，鼻子一直经常吸鼻子，鼻子痒还会出血，这周已经出过血了，所以想带他来检查一下。之前没在你们医院看过，因为住得远，之前在新华医院看的。我自己在这边看耳朵，觉得挺好的，就带他来看看。
caregiver: ：（配合动作）
caregiver: ：哈哈哈，不会不会，他就是急躁。
caregiver: ：我跟他爸应该都有一点过敏性鼻炎，他爸比较严重。我耳朵也不太好。儿子跟妈妈比较急躁，爸爸不急躁。
caregiver: ：做过吗？我忘了，好像做过一次，大概几年前了，很久了。
caregiver: ：嗯，好的，谢谢医生啊。待会见。直接先做鼻内镜是吧？",7.0,9.0,0,0,0,with_caregiver
P-000057,V-000057-2,"caregiver: ：医生，检查结果怎么样？腺样体还好吧？是不是过敏性鼻炎引起的？他鼻子容易干，经常会说干。我有的时候晚上会给他洗鼻子，还要经常洗吗？
caregiver: ：有一点点，但还行。是我给他洗的，他自己能洗吗？
caregiver: ：好的，我让他自己试试。他就是过敏性鼻炎，对吧？最近出过两次血，后来我给他涂了一点金霉素眼药膏，晚上给他润一润。
caregiver: ：谢谢。他是什么过敏呀？小鸟还能养吗？
caregiver: ：对，他特别喜欢，还养了好几只。
caregiver: ：好的，明白。
caregiver: ：好的，谢谢医生。",10.0,14.0,1,1,1,with_caregiver
P-000065,V-000065-1,"caregiver: ：哎，我是 2 号吗？
caregiver: ：哦，我看我的这边显示，
caregiver: ：好，
caregiver: ：今天喉咙就感觉老有痰，
caregiver: ：对
caregiver: ：对，清嗓子就吭吭的，就是平时可能老坑坑。
caregiver: ：差不多。嗯，
caregiver: ：以前也有，好像偶尔会那个啥，但是这次感觉好像还挺频繁。",8.0,11.0,0,1,1,with_caregiver
P-000066,V-000066-1,"caregiver: ：[NAME]，
caregiver: ：鼻子，他老是有鼻涕。
caregiver: ：哈哈哈，因为很美。
caregiver: ：晚上睡觉什么？
caregiver: ：他就是有鼻涕，鼻子痒、打喷嚏、鼻塞、流鼻涕都多吗？就像现在这样子，比如说鼻涕哄完了之后，然后再这样清嗓子，
caregiver: ：对，有清嗓子或者哼哼这样子。
caregiver: ：鼻塞。其实就是鼻塞，流鼻涕，然后也没有感冒。
caregiver: ：前前后后可能有，快就大半年可能有了，就之前有一次发烧，然后舒服了以后就感觉他好像就一直没有好透一样。",7.0,9.0,0,0,0,with_caregiver
P-000069,V-000069-1,"caregiver: ：[NAME]
caregiver: ：鼻子张嘴睡觉，张嘴呼吸，然后打呼。一年多家里也有人打呼，还有一点鼻塞。
caregiver: ：那就是
caregiver: ：我有也有一点。
caregiver: ：我？看，不愿动
caregiver: ：他不是光打呼，他主要是
caregiver: ：他鼻子不透气。
caregiver: ：这以前有记录是吧？",10.0,10.0,1,1,1,with_caregiver
P-000073,V-000073-1,"caregiver: ：[NAME]。
caregiver: ：现在呢？
caregiver: ：然后呢？
caregiver: ：鼻子要打喷嚏，鼻子塞，流鼻涕多吗？
caregiver: ：然后阿姨看一下嘴巴
caregiver: ：大声一下，大声啊一下，我不用这个，张大，张大，阿姨手上没东西，大点声音发出来，你们别说话。声音发出来，阿姨压一下好吗？就压一下，看不到耶。看一下。那鼻子可以看吗？也看一下。那耳朵看一下。可以看一下了，右耳朵，另外一边，假哭，别动别动，右边耳朵刚刚好像里面是有积水，是吧？
caregiver: ：压一下，就是，阿姨又没有弄疼，你是儿科医院的阿姨把你弄疼了，不是我，对吧对吧？是不是啊？拍过腺样体的片子吗啊？拍过腺样体的片子吗？
caregiver: ：今天去拍个片子好吗？",10.0,10.0,1,1,1,with_caregiver
P-000075,V-000075-1,"caregiver: ：撞到一下。
caregiver: ：哈哈哈，好像是有一点，那个听力有点下降了。
caregiver: ：坐一会啊。
caregiver: ：还行吧，有点小老，等一会我看看你年龄。
caregiver: ：没有，应该不是吧，
caregiver: ：你又插队，你前面还有个[NAME]，没有，你上面就是
caregiver: ：嘿嘿，那插一个吧，哈哈哈，来都来了。
caregiver: ：哦，这个要调什么？调什么",13.0,17.0,1,1,1,with_caregiver
P-000076,V-000076-1,"caregiver: ：[NAME]，
caregiver: ：腺样体
caregiver: ：之前在儿科有做过。
caregiver: ：腺样体
caregiver: ：什么症状就晚上睡觉嘴巴张开。
caregiver: ：对，
caregiver: ：应该是今年一两月份的时候开始的，那他这个耳鼻喉科当时检查的是这样，然后我这两个月给他稍微调理一下，我不知道是不是。
caregiver: ：对，拍的片子。拍片子是不是没这么准啊？他就是这个片子里面他这样量了一下，他说是已经到70%，然后我就这两个月给他那个饮食，或者是还要复查喽，",13.0,19.0,1,1,1,with_caregiver
P-000077,V-000077-1,"caregiver: ：对，一家子，兄弟两个。
caregiver: ：他先看，他是鼻炎，然后他是看耳朵。
caregiver: ：不知道，反正之前看哥哥之前来看过一次，
caregiver: ：就稍微有一点，但是没有到那么严重的情况
caregiver: ：怎么啦？
caregiver: ：你说现在哥哥是吧？
caregiver: ：哥哥他晚上睡觉，感觉晚上大半夜的时候就会这样搓鼻子，就感觉里面黏哒哒的那种感觉。
caregiver: ：呼吸会重一点。对，然后他平时因为痒，他老这样子。",9.0,11.0,0,1,1,with_caregiver
P-000078,V-000078-1,"caregiver: ：有一点。
caregiver: ：我找到之前那个药还要看吗？
caregiver: ：翻了一下这个，这俩，去年 11 月份开的。
caregiver: ：可以，
caregiver: ：没问题。他那个片子拍了。就是电脑上
caregiver: ：什么？做什么？
caregiver: ：这个检查好，回家了，宝贝，拜拜啦。",8.0,12.0,0,1,1,with_caregiver
P-000081,V-000081-1,"caregiver: ：哎，您说
caregiver: ：小孩没来？
caregiver: ：什么意思？你不是两岁 6 个月吗？
caregiver: ：就配药嘛，对不对？
caregiver: ：两岁估计没有太多医院会给你手术的吧。
caregiver: ：你稍等一下啊。
caregiver: ：哎。你好，我[NAME]，问一下门办电话多少？
caregiver: ：2105 是吧？谢谢，拜拜啊。稍等我一下，他现在电话打不通",20.0,20.0,1,1,1,with_caregiver
P-000084,V-000084-1,"caregiver: ：哈哈哈，
caregiver: ：他就是打鼾。
caregiver: ：他累了
caregiver: ：高。
caregiver: ：我不怎么打。
caregiver: ：我只有太累的疲惫的时候才会有出现这种状况，他的打鼾就是让我觉得这个声音有点异常。
caregiver: ：不听是吧？
caregiver: ：哈哈哈，因为他是从鼻腔里那种像牛一样。",15.0,18.0,1,1,1,with_caregiver
P-000089,V-000089-1,"caregiver: ：哈哈哈哈，走的太着急了，
caregiver: ：他那个小的时候老感冒，我们在苏州那边看，就是他有那个腺样体，就那个预诊信息我都传到里面，
caregiver: ：百分之八九十了。
caregiver: ：那边喝那个中药就喝了差不多 6 月份喝了两三个月了，好像效果不太明显。
caregiver: ：就一感冒，老鼻塞，塞得特别厉害，只要一感冒就特别呼吸不畅。
caregiver: ：对对对对，
caregiver: ：有一两年了，两岁左右开始。
caregiver: ：喝的中药",7.0,12.0,0,1,1,with_caregiver
P-000093,V-000093-1,"caregiver: ：他那个早晨起来经常就是感觉一直清嗓子，要持续一两个小时。
caregiver: ：不打呼，
caregiver: ：对，然后他就是会持续一两个小时，吃完饭可能也会，而且会有那个吸鼻子，就是
caregiver: ：然后我就想看排除一下咽喉的问题。
caregiver: ：但是他早上我就吃完饭赶紧带出去，然后玩一圈回来一直到晚上都不会有这种能看到什么呀？
caregiver: ：你要配合，不然要很久。
caregiver: ：干嘛？
caregiver: ：因为我两月份去检查了这个，那个鼻炎的那个，然后后来没去复诊，因为他也没有打呼噜，各种症状。",13.0,12.0,1,1,1,with_caregiver
P-000096,V-000096-1,"caregiver: ：他是因为嗓子过了三个月了，然后上次得了手足口，前后说嗓子哑，到现在还是哑的。
caregiver: ：[NAME]。
caregiver: ：他是沙哑了，因为他原来不是这个样子的。
caregiver: ：没办法这样呢？
caregiver: ：你坐吧？
caregiver: ：嗯，没啥好看的。
caregiver: ：是吧？我们不给你做喉镜，那 3 岁的小朋友做什么喉镜？来，嘴巴张开放松。哎，非常好说啊，阿姨压一下好不好？再压一下好吗？说，你头抬高好吗？阿姨的腰快断了，别咬，张开就不用做喉镜了。你看阿姨本来是放在中间的，对不对？你自己舌头在里面搅来搅去就搅到后面去了，是不是？这是不怪我的，对吧？对。
caregiver: ：没看到没看到。哎，不重要。不重要，看不到。本来就看不到。",9.0,13.0,0,1,1,with_caregiver
P-000098,V-000098-1,"caregiver: ：对对，然后是这样的。
caregiver: ：他胆子小，
caregiver: ：好害怕，一直在做，他以为要做手术，
caregiver: ：他是这样的，已经两周了，然后晚上睡觉打呼噜，张嘴，然后鼻子不通气。嗯，我感觉有时候在夜里睡觉都能憋醒，然后这两天是因为我们外出去玩，嗯，然后前天晚上开始就特别严重。嗯，那夜里堵的就是好像
caregiver: ：对，就是那种感觉，睡着他睡着，他可以睡着，但那个声音特别大。
caregiver: ：对，吵得整夜，就是我跟他爸两夜都没怎么睡觉，所以我们今天就玩了一半就回来了。
caregiver: ：是的，然后我们大概是那两周，就是这两天没用，就是给他滴了咱们医院开的那个康酸莫米松，然后我从来都没有人跟我说过疼，哪个医生给你搞疼的？你告诉我不疼不疼，来，嘴巴张开。放松最大头抬高，脖子都快断了。好嘞，有点浓鼻涕，我还厉害的东西还没给你上呢。来，头抬高不疼，眼睛闭着呼吸放轻松好不？ Excuse me？你是什么星座的呀？你是什么星座的？什么哦？难怪了难怪了。耳朵看一下这边，我要，我，我想让你去拍个片子，待会好，拍片子他估计鼻内镜做",13.0,18.0,1,1,1,with_caregiver
P-000098,V-000098-2,"caregiver: ：好，讲述你的故事。他的那个片子拍了。
caregiver: ：是多重。
caregiver: ：嗯，
caregiver: ：他现在是有点缩啊。
caregiver: ：睡眠监测怎么个接法？
caregiver: ：对，所以我说寒假，你回当地做也行，
caregiver: ：对，好， ok 不ok？
caregiver: ：看他憋气缺氧有多严重，然后第二天会把呼吸机的治疗给他上去，如果他能带呼吸机就不用开刀。",10.0,11.0,1,1,1,with_caregiver
P-000102,V-000102-1,"caregiver: ：你好，
caregiver: ：他看那个腺样体
caregiver: ：啊？我们做过的，
caregiver: ：我们前两天在家里面，
caregiver: ：不一定不一定，因为我们看的小孩需要，就是你看最好的治疗方案，
caregiver: ：明天开刀。
caregiver: ：你都不努力吗？
caregiver: ：2 月份到现在 8 个月药没停过吗？",14.0,17.0,1,1,1,with_caregiver
P-000102,V-000102-2,"caregiver: ：你说就是两个月前用那个，就是地塞米松，就是那个地塞米松，他那个有鼻腔糜烂，然后就停了一阵子。
caregiver: ：还有就是他就是每次跟他喷完了之后就给他那个擦红霉素。
caregiver: ：那他有糜烂
caregiver: ：他就经常的流血，一碰就流鼻血，而且量还挺。
caregiver: ：哦，好，
caregiver: ：好的好的。
caregiver: ：你可以配嘛？你可以配，也可以线下来嘛？好看，方便，好吗？",8.0,14.0,0,1,1,with_caregiver
P-000105,V-000105-1,"caregiver: ：哎，你好。
caregiver: ：没有，第一次无锡过来的。
caregiver: ：你们也辛苦。他耳朵有耳鸣，有两三个月了，然后我上次是9月二十几号， 24 号
caregiver: ：有。
caregiver: ：好的，在外院做的是吧？
caregiver: ：您带了吗？就是那个报告我没有带纸质的。没关系，给我看一下照片就行。他怎么这么酷？等太久了，怒了是吧？
caregiver: ：左边响还是右边响？
caregiver: ：多长时间了呢？",21.0,25.0,1,1,1,with_caregiver
P-000109,V-000109-1,"caregiver: ：孩子打呼噜，睡眠质量不好，反反复复大概一两年了，不是一直打，偶尔有。晚上睡觉嘴巴会张着，我用手测过，算是微张吧。他鼻子有时候容易过敏、痒，还比较容易流鼻血，特别是晚上。其他鼻子痒、打喷嚏、鼻塞、流鼻涕这些症状没有，就只有鼻子痒。
caregiver: ：爸爸以前打呼厉害，跟体重有关系，去年体重大，现在体重减下来了，打呼少了。
caregiver: ：（配合检查）
caregiver: ：我不太懂，想让你看看。
caregiver: ：对，我们现在有鼻炎症状，想排除一下腺样体的问题。他上一次拍CT测出来腺样体肥大70%，今天想做个鼻内镜看看，鼻内镜更直观，但孩子不一定能配合。
caregiver: ：（有点抗拒）
caregiver: ：好的。",15.0,18.0,1,1,1,with_caregiver
P-000112,V-000112-1,"caregiver: ：[D]
caregiver: ：[P]
caregiver: ：[D]
caregiver: ：[P]
caregiver: ：[D]
caregiver: ：[P]
caregiver: ：[D]
caregiver: ：[P]",12.0,9.0,1,0,1,with_caregiver
P-000118,V-000118-1,"caregiver: ：就是有点鼻子不太舒服。
caregiver: ：就是早上有时候会流鼻涕然后鼻子痒
caregiver: ：很久。
caregiver: ：上次来看过。
caregiver: ：大概几年
caregiver: ：反正小的时候一直有的断断续续在看。
caregiver: ：印象。他小的时候就一直鼻炎。
caregiver: ：他反正从小就鼻炎的。",21.0,27.0,1,1,1,with_caregiver
P-000119,V-000119-1,"caregiver: ：对，还有[NAME]。
caregiver: ：谢谢。
caregiver: ：[NAME]。我感觉他有点腺样体面容。
caregiver: ：就。
caregiver: ：就是口呼吸，然后感觉有点嘴凸，就是有点，就是那种。
caregiver: ：没注意，就是感觉他有点腺样体面容，你别嘴，别凸嘴，别故意。
caregiver: ：我不记得多久了。
caregiver: ：那肯定有的。有一年了。",14.0,18.0,1,1,1,with_caregiver
P-000121,V-000121-1,"caregiver: ：你好。
caregiver: ：看鼻子。
caregiver: ：没有来过，第一次来。
caregiver: ：对。
caregiver: ：鼻子他一直不通，然后打喷嚏。
caregiver: ：鼻涕，然后已经。
caregiver: ：很久。
caregiver: ：几年了吧_没有，应该大概一年左右前就有了，然后在附近那个徐中心那边，我去看过几次，那个时候查出来是有那个鼻炎和鼻窦炎。",15.0,13.0,1,1,1,with_caregiver
P-000016,V-000016-1,"patient: ：我有声带小结好几年了，前两天刚刚在我们那边医院做过喉镜，上传了报告，你看这样拍能看得清楚吗？原来医生说小结长了一颗，现在说是双侧小结，还说磨掉了。我现在说话还是很累，说两个小时之后就发声疲劳，声音有点扯着嗓子喊的感觉，我是做服装直播卖衣服的，工作需要讲很多话。
patient: ：那怎么办呢？我们当地没有纠正发声的地方。我中途休息了半年，现在还是这样，而且做直播还得看数据，数据不好就着急，忍不住卖力说。
patient: ：对，我也知道，直播间氛围有时候需要带动，但这样确实伤嗓子。我上次来配过你们医院的冲剂，一直吃着，吃完一个月网上还能配吗？
patient: ：好的。言语训练怎么约？
patient: ：好像有。我们家孩子现在在矫正牙齿，是不是也得看鼻子？他好像有鼻炎，会不会有鼻窦炎或者腺样体肥大啊？我们不懂，只知道给他矫牙。
patient: ：那扁桃体炎割了之后，对人体免疫力有没有影响啊？
patient: ：好的，谢谢医生。
patient: ：好的，知道了。",7.0,9.0,0,0,0,without_caregiver
P-000020,V-000020-1,"patient: ：我是外地来的，医保不在上海，之前在广州做过检查，确诊睡眠呼吸暂停，还做了鼻内窥镜，那边医生建议我做手术。我不想那么年轻就开刀，想看看有没有其他办法。
patient: ：他说可以用呼吸机，但我也没有那么想带，觉得很麻烦。如果一定要选，我还是倾向做手术。
patient: ：我以前用过鱼跃的呼吸机，怎么都睡不着，感觉不够高档。我日常睡眠起来会觉得很疲惫，那天戴机器没睡好，不是真实情况，真实情况应该更重。我还在豆包上问过上海最好的耳鼻喉医院，它推荐的医院我约了专家，都没提到你们这儿。
patient: ：对对对，植发花的钱都比呼吸机贵了。那纯粹减肥解决不了问题吗？我减肥挺难的。
patient: ：呼吸机能够让舌根不塌陷吗？我早上起来神清气爽的感觉已经很久没有了，还越来越晕，记不住电话号码，感觉自己都要老年痴呆了。
patient: ：那算了，还是不做手术了。那呼吸机要用多久？一直用吗？
patient: ：这个影响我睡眠、工作还有记忆力，我觉得这两种方式都愿意尝试。机器会很大吗？我出差比较多。咱们医院可以买呼吸机和口角器吗？
patient: ：那在医院买是不是比较靠",10.0,16.0,1,1,1,without_caregiver
P-000033,V-000033-1,"patient: ：你好，我叫[NAME]。
patient: ：我打呼噜有三四年了
patient: ：就是现在感觉越来越严重，睡眠质量不好，会醒，白天精神也不好。之前也做过一些睡眠监测，感觉还是打呼噜导致的。本来是说要买呼吸机，但我没买，我想看一下有没有什么手术方案？
patient: ：没有什么方案，没拿到手术方案。
patient: ：手术创口太大了，而且我戴过呼吸机，戴了两天，不习惯。
patient: ：嗯，戴着个东西，转身的时候一方面心理上有一点负担，另一方面感觉有东西硌着，所以就醒了。本来我睡眠就不怎么好，入睡很困难，头上、鼻子那里挂着东西弄来弄去的，就更不习惯了，平时也有点焦虑，想事情想得多。
patient: ：有了。
patient: ：孩子不打呼，但晚上应该有张口呼吸的情况。",14.0,18.0,1,1,1,without_caregiver
P-000042,V-000042-1,"patient: ：叫号了吗？
patient: ：鼻炎，鼻子痒、打喷嚏、鼻塞、流鼻涕。
patient: ：之前来的时候鼻涕很多，用药以后好像效果还可以。上次那个医生跟我说要做睡眠监测，但我没时间，太忙了。
patient: ：还打呼噜。我是过敏性鼻炎，现在比之前好很多了。
patient: ：我都听你的。
patient: ：对，自己在家那边医院做的CT。
patient: ：没带，之前也没带。
patient: ：可能吧。要么就先吃药，看看效果。",20.0,18.0,1,1,1,without_caregiver
P-000068,V-000068-1,"patient: ：对，
patient: ：耳鸣？
patient: ：感觉休息好的时候就好一点，但是现在还是响。
patient: ：比较尖锐的那种。
patient: ：对。是右耳。
patient: ：一直响不行。
patient: ：做过，在这做的。
patient: ：今天不用测了，一直响，应该是没什么毛病。",11.0,12.0,1,1,1,without_caregiver
P-000070,V-000070-1,"patient: ：[NAME]
patient: ：耳鸣？
patient: ：两边都有，
patient: ：嗯
patient: ：不怎么好形容，就感觉像一个一个一个什么一个机器坏掉的那种声音一样。
patient: ：嗯，有点像。
patient: ：快7。快快快，有 8 个月了。
patient: ：听力有下降的。",15.0,18.0,1,1,1,without_caregiver
P-000070,V-000070-2,"patient: ：吃一点，吃一点，再试一下啊。
patient: ：高三的时候。考试或者写作业的时候，尤其是写数学题的时候，最喜欢那个耳朵里就有音乐响起来。是这样的，可能稍微学习压力有点大了，有点焦虑，没事就稍微的调整一下心情。
patient: ：我会用别的东西去压住这个音乐，
patient: ：就是可能会背古诗，可能会在心里背默背古诗。
patient: ：很别致的处理方法。
patient: ：暂时没什么爱好。
patient: ：需要照相吗？
patient: ：这个病因？",7.0,9.0,0,0,0,without_caregiver
P-000072,V-000072-1,"patient: ：嗓子没啥问题。我嗓子。
patient: ：不是鼻子倒流了？
patient: ：[NAME]，
patient: ：嗓子需要做吗？
patient: ：要不做一个都一起？既然来了，来一趟
patient: ：就我打喷嚏很少的，
patient: ：经常流鼻涕，鼻塞
patient: ：喉咙老是有感觉，有异物感。",10.0,10.0,1,1,1,without_caregiver
P-000080,V-000080-1,"patient: ：耳耳
patient: ：嗯，
patient: ：感觉听力也下降了，
patient: ：然后鼻塞有 3 ~ 4 年，然后没有再去其他医院的。
patient: ：有那个，有些省级医院的有那个单子，
patient: ：就可能做过吧。
patient: ：对，我检查过
patient: ：对，张着嘴",12.0,15.0,1,1,1,without_caregiver
P-000085,V-000085-1,"patient: ：我前面，我是30。
patient: ：我一直在那边坐着，我看那屏幕没显示，然后就一直等。
patient: ：对，
patient: ：嗯，半个多月。因为我前两天来过一次，他帮我看了，他说咽炎，我总感觉咽炎不应该这个地方。有异物感。
patient: ：没做。
patient: ：当时配的药我也没吃，因为我家里有那个什么什么什么银黄解毒的，我吃了两天，还有什么？但是还感觉这个东西还是在我一个体味，对吧？或者，躺下或者坐着，他会就会感觉到这个，就在感觉是在哪里啊？嗓子眼这个地方就是就像那种反食，对吧？
patient: ：一样，就跟那个一样，当时我因为有一个甲状腺我还担心会
patient: ：甲状腺之前是有一点，但是不大。",7.0,9.0,0,0,0,without_caregiver
P-000086,V-000086-1,"patient: ：耳朵
patient: ：耳朵就是呜呜响。
patient: ：啊。对，
patient: ：9月 4 号，
patient: ：医院的那个检查报告。
patient: ：啥？
patient: ：有一点，就是他测的那个结果。
patient: ：没有，什么都没有。",15.0,16.0,1,1,1,without_caregiver
P-000087,V-000087-1,"patient: ：看喉咙
patient: ：我这喉咙呢？有时候特别难受，透气都不好透，
patient: ：吃饭还好，还可以，吃东西还可以，就有时候又或者要冷的，也是透气不好。
patient: ：对。有时候要难过起来，就这样的歇一口气好不容易。可以的，有时候一个月能好几天，那几天你就舒服了。哎，那过几天又不行，我这个看了好多场。
patient: ：他说是看了好多地方。
patient: ：嗯，对，有点性格上是这样的。对，我就那里不舒服，做什么事都没精神，一点的精神都没有呃。
patient: ：对你讲这个我也是
patient: ：会有一点睡着了，会有一点",20.0,23.0,1,1,1,without_caregiver
P-000094,V-000094-1,"patient: ：有这个症。症状，
patient: ：就是打呼噜。现在啥？我就是刚跟他们也聊了一下，就是我晚上。
patient: ：就打呼噜，特别响。嗯，而且响得吓人的就是我早上录了一下。
patient: ：好多年，但现在越来越严重。
patient: ：而且耳朵里面老响的了。响什么？但最近的是什么原因又造成我的鼻子就是直接现在就是不通气，一整个不通气里面，
patient: ：有，现在严重的很。
patient: ：头晕。
patient: ：不重要。",27.0,36.0,1,1,1,without_caregiver
P-000097,V-000097-1,"patient: ：我不是，他有三个问题，第一个是耳鸣，
patient: ：然后他又慢慢性咽炎，嗯，还有点呼噜。
patient: ：你好准啊。
patient: ：[NAME]啊。[NAME]
patient: ：嗯，那还不是不知道，我主要是耳鸣。从高中就开始了。
patient: ：那我不清楚。嗯，
patient: ：高中那会儿我室友说我说梦话，没说话磨牙，不知道他说不知道在说什么。
patient: ：我是女朋友。",8.0,11.0,0,1,1,without_caregiver
P-000101,V-000101-1,"patient: ：没事，
patient: ：耳朵里的听力不太好。
patient: ：嗯，中午有 20 天了。
patient: ：没有。
patient: ：我怎么看啊？忙的，今天休息了就过来看一下，
patient: ：哈哈，蛮严重的。
patient: ：哦，
patient: ：不近，在宁波的。",13.0,15.0,1,1,1,without_caregiver
P-000104,V-000104-1,"patient: ：我的扁桃体发炎好几天了，
patient: ：对，然后我在那个人群挂了三天，挂了 4 天水。
patient: ：有什么特效药，是吧？
patient: ：坐吧。
patient: ：现在割不了。我知道，正在发炎，割不了，看得我头晕目眩的，嘴巴张开放松说，
patient: ：打呼噜，说打不，打呼两边就是你不发炎，扁桃体也这么大，对吧？发炎的时候上面有脓。
patient: ：那你半夜的时候大不大？
patient: ：嗯，我今天第一次祭出这个神器，我最讨厌做这个检查了，结果碰上你了，你没做过这个啊？",11.0,11.0,1,1,1,without_caregiver
P-000111,V-000111-1,"patient: ：9月份的时候，夜里突然憋醒，准确说是像溺水呛醒的感觉，很明显。最近三个月发生了两次，这种情况从23年就开始了，当时是中午午休时出现，症状比较轻。今年没中午没这种现象，但晚上出现了两次。最近两三个月得了慢性咽炎，还有过敏性鼻炎、鼻中隔偏曲，鼻子之前还骨折过。
patient: ：都有。平时一般不用药，就喷生理盐水、生理海水，鼻炎犯得厉害的话会喷[NAME]舒良，喷一两下就行。
patient: ：白天精神还行，就是有时候容易困。23年的时候工作压力很大，经常加班，睡觉也睡不好，当时有很明显的焦虑，还有反酸、鼻塞。最近放假了，没啥压力，公司运营也还好，不受经济环境影响。
patient: ：我有几个疑问，首先是导致我两晚憋醒的原因到底是什么？我担心是不是睡眠呼吸暂停，那样会不会睡过去？当时肖医生说我呼吸暂停最长52秒，但我个人感觉肯定超过52秒，特别难受。
patient: ：那我需要怎么治疗？还有必要再做一次睡眠监测吗？
patient: ：呼吸机之前也有人建议过，我牙齿好像不太好，能用口腔矫治器吗？住院做监测好约吗？费用多少？
patient: ：我接下来几天都可以",17.0,14.0,1,1,1,without_caregiver
